O/F, Pc (psia), Isp (s), Tc (R), Tt (R), Te (R), MW (lb/lbmol), gamma
3.00, 100, 282.10, 4754.97, 4293.96, 4293.96, 22.5938, 1.2288
3.00, 150, 282.13, 4770.87, 4299.14, 4299.14, 22.6014, 1.2320
3.00, 200, 282.15, 4780.87, 4302.28, 4302.28, 22.6060, 1.2339
3.00, 250, 282.17, 4787.94, 4304.45, 4304.45, 22.6092, 1.2353
3.00, 300, 282.18, 4793.30, 4306.06, 4306.06, 22.6116, 1.2364
3.00, 350, 282.20, 4797.55, 4307.31, 4307.31, 22.6135, 1.2372
3.00, 400, 282.21, 4801.03, 4308.33, 4308.33, 22.6151, 1.2379
3.00, 450, 282.23, 4803.95, 4309.18, 4309.18, 22.6164, 1.2384
3.00, 500, 282.24, 4806.45, 4309.90, 4309.90, 22.6174, 1.2389
3.00, 550, 282.25, 4808.62, 4310.52, 4310.52, 22.6184, 1.2393
3.00, 600, 282.27, 4810.53, 4311.06, 4311.06, 22.6192, 1.2397
3.00, 650, 282.28, 4812.23, 4311.54, 4311.54, 22.6200, 1.2400
3.00, 700, 282.29, 4813.75, 4311.97, 4311.97, 22.6206, 1.2403
3.00, 750, 282.30, 4815.13, 4312.36, 4312.36, 22.6212, 1.2406
3.00, 800, 282.31, 4816.38, 4312.71, 4312.71, 22.6218, 1.2408
3.00, 850, 282.32, 4817.53, 4313.02, 4313.02, 22.6223, 1.2411
3.00, 900, 282.33, 4818.59, 4313.32, 4313.32, 22.6227, 1.2413
3.00, 950, 282.34, 4819.56, 4313.59, 4313.59, 22.6232, 1.2414
3.00, 1000, 282.35, 4820.46, 4313.85, 4313.85, 22.6236, 1.2416
3.10, 100, 284.13, 4845.36, 4391.66, 4391.66, 22.8512, 1.2224
3.10, 150, 284.16, 4864.57, 4398.46, 4398.46, 22.8610, 1.2261
3.10, 200, 284.18, 4876.75, 4402.61, 4402.61, 22.8670, 1.2284
3.10, 250, 284.19, 4885.41, 4405.47, 4405.47, 22.8712, 1.2300
3.10, 300, 284.21, 4892.00, 4407.60, 4407.60, 22.8743, 1.2313
3.10, 350, 284.22, 4897.24, 4409.28, 4409.28, 22.8768, 1.2323
3.10, 400, 284.23, 4901.55, 4410.63, 4410.63, 22.8788, 1.2331
3.10, 450, 284.24, 4905.17, 4411.76, 4411.76, 22.8805, 1.2338
3.10, 500, 284.25, 4908.28, 4412.71, 4412.71, 22.8819, 1.2344
3.10, 550, 284.26, 4910.98, 4413.54, 4413.54, 22.8832, 1.2349
3.10, 600, 284.26, 4913.36, 4414.26, 4414.26, 22.8842, 1.2353
3.10, 650, 284.27, 4915.48, 4414.90, 4414.90, 22.8852, 1.2357
3.10, 700, 284.28, 4917.39, 4415.48, 4415.48, 22.8861, 1.2361
3.10, 750, 284.29, 4919.11, 4415.99, 4415.99, 22.8869, 1.2364
3.10, 800, 284.30, 4920.68, 4416.46, 4416.46, 22.8876, 1.2367
3.10, 850, 284.30, 4922.12, 4416.88, 4416.88, 22.8882, 1.2369
3.10, 900, 284.31, 4923.44, 4417.27, 4417.27, 22.8888, 1.2372
3.10, 950, 284.32, 4924.66, 4417.63, 4417.63, 22.8894, 1.2374
3.10, 1000, 284.32, 4925.80, 4417.97, 4417.97, 22.8899, 1.2376
3.20, 100, 286.03, 4928.14, 4483.59, 4483.59, 23.0988, 1.2158
3.20, 150, 286.07, 4950.90, 4492.32, 4492.32, 23.1112, 1.2200
3.20, 200, 286.09, 4965.46, 4497.66, 4497.66, 23.1189, 1.2226
3.20, 250, 286.10, 4975.87, 4501.37, 4501.37, 23.1242, 1.2245
3.20, 300, 286.12, 4983.82, 4504.14, 4504.14, 23.1282, 1.2260
3.20, 350, 286.13, 4990.18, 4506.31, 4506.31, 23.1314, 1.2271
3.20, 400, 286.14, 4995.41, 4508.08, 4508.08, 23.1340, 1.2281
3.20, 450, 286.14, 4999.82, 4509.55, 4509.55, 23.1362, 1.2289
3.20, 500, 286.15, 5003.61, 4510.80, 4510.80, 23.1380, 1.2296
3.20, 550, 286.16, 5006.92, 4511.88, 4511.88, 23.1396, 1.2302
3.20, 600, 286.16, 5009.84, 4512.82, 4512.82, 23.1410, 1.2307
3.20, 650, 286.17, 5012.44, 4513.66, 4513.66, 23.1422, 1.2312
3.20, 700, 286.18, 5014.78, 4514.41, 4514.41, 23.1434, 1.2316
3.20, 750, 286.18, 5016.90, 4515.08, 4515.08, 23.1444, 1.2320
3.20, 800, 286.19, 5018.83, 4515.69, 4515.69, 23.1453, 1.2324
3.20, 850, 286.19, 5020.60, 4516.25, 4516.25, 23.1461, 1.2327
3.20, 900, 286.20, 5022.23, 4516.76, 4516.76, 23.1469, 1.2330
3.20, 950, 286.20, 5023.74, 4517.23, 4517.23, 23.1476, 1.2333
3.20, 1000, 286.21, 5025.15, 4517.67, 4517.67, 23.1483, 1.2335
3.30, 100, 287.81, 5003.44, 4569.67, 4569.67, 23.3366, 1.2089
3.30, 150, 287.86, 5029.96, 4580.65, 4580.65, 23.3520, 1.2136
3.30, 200, 287.88, 5047.05, 4587.41, 4587.41, 23.3616, 1.2166
3.30, 250, 287.90, 5059.35, 4592.12, 4592.12, 23.3683, 1.2188
3.30, 300, 287.91, 5068.80, 4595.65, 4595.65, 23.3734, 1.2204
3.30, 350, 287.93, 5076.36, 4598.42, 4598.42, 23.3774, 1.2218
3.30, 400, 287.94, 5082.62, 4600.68, 4600.68, 23.3806, 1.2229
3.30, 450, 287.94, 5087.90, 4602.56, 4602.56, 23.3834, 1.2238
3.30, 500, 287.95, 5092.46, 4604.16, 4604.16, 23.3857, 1.2246
3.30, 550, 287.96, 5096.44, 4605.54, 4605.54, 23.3877, 1.2253
3.30, 600, 287.96, 5099.95, 4606.76, 4606.76, 23.3895, 1.2260
3.30, 650, 287.97, 5103.09, 4607.83, 4607.83, 23.3911, 1.2265
3.30, 700, 287.97, 5105.92, 4608.79, 4608.79, 23.3925, 1.2270
3.30, 750, 287.98, 5108.49, 4609.66, 4609.66, 23.3938, 1.2275
3.30, 800, 287.98, 5110.83, 4610.45, 4610.45, 23.3949, 1.2279
3.30, 850, 287.99, 5112.98, 4611.16, 4611.16, 23.3960, 1.2283
3.30, 900, 287.99, 5114.96, 4611.82, 4611.82, 23.3970, 1.2286
3.30, 950, 287.99, 5116.80, 4612.43, 4612.43, 23.3979, 1.2289
3.30, 1000, 288.00, 5118.50, 4612.99, 4612.99, 23.3987, 1.2292
3.40, 100, 289.49, 5071.43, 4649.80, 4649.80, 23.5645, 1.2019
3.40, 150, 289.54, 5101.82, 4663.35, 4663.35, 23.5833, 1.2070
3.40, 200, 289.57, 5121.58, 4671.76, 4671.76, 23.5951, 1.2103
3.40, 250, 289.59, 5135.89, 4677.64, 4677.64, 23.6034, 1.2128
3.40, 300, 289.61, 5146.93, 4682.06, 4682.06, 23.6097, 1.2147
3.40, 350, 289.62, 5155.80, 4685.54, 4685.54, 23.6146, 1.2162
3.40, 400, 289.63, 5163.16, 4688.38, 4688.38, 23.6187, 1.2174
3.40, 450, 289.64, 5169.40, 4690.75, 4690.75, 23.6221, 1.2185
3.40, 500, 289.65, 5174.79, 4692.77, 4692.77, 23.6250, 1.2194
3.40, 550, 289.65, 5179.51, 4694.52, 4694.52, 23.6275, 1.2202
3.40, 600, 289.66, 5183.68, 4696.05, 4696.05, 23.6297, 1.2209
3.40, 650, 289.67, 5187.42, 4697.41, 4697.41, 23.6317, 1.2216
3.40, 700, 289.67, 5190.79, 4698.63, 4698.63, 23.6335, 1.2222
3.40, 750, 289.68, 5193.85, 4699.73, 4699.73, 23.6351, 1.2227
3.40, 800, 289.68, 5196.65, 4700.73, 4700.73, 23.6365, 1.2232
3.40, 850, 289.68, 5199.22, 4701.64, 4701.64, 23.6379, 1.2236
3.40, 900, 289.69, 5201.59, 4702.47, 4702.47, 23.6391, 1.2240
3.40, 950, 289.69, 5203.79, 4703.24, 4703.24, 23.6402, 1.2244
3.40, 1000, 289.69, 5205.84, 4703.96, 4703.96, 23.6413, 1.2247
3.50, 100, 291.05, 5132.30, 4723.86, 4723.86, 23.7824, 1.1948
3.50, 150, 291.11, 5166.62, 4740.31, 4740.31, 23.8050, 1.2002
3.50, 200, 291.15, 5189.14, 4750.59, 4750.59, 23.8192, 1.2039
3.50, 250, 291.18, 5205.53, 4757.81, 4757.81, 23.8293, 1.2065
3.50, 300, 291.20, 5218.24, 4763.27, 4763.27, 23.8370, 1.2086
3.50, 350, 291.21, 5228.51, 4767.57, 4767.57, 23.8430, 1.2103
3.50, 400, 291.23, 5237.04, 4771.09, 4771.09, 23.8480, 1.2117
3.50, 450, 291.24, 5244.31, 4774.04, 4774.04, 23.8522, 1.2129
3.50, 500, 291.25, 5250.59, 4776.55, 4776.55, 23.8558, 1.2140
3.50, 550, 291.25, 5256.10, 4778.73, 4778.73, 23.8589, 1.2149
3.50, 600, 291.26, 5260.99, 4780.64, 4780.64, 23.8616, 1.2157
3.50, 650, 291.27, 5265.38, 4782.34, 4782.34, 23.8641, 1.2164
3.50, 700, 291.27, 5269.34, 4783.86, 4783.86, 23.8662, 1.2171
3.50, 750, 291.28, 5272.94, 4785.24, 4785.24, 23.8682, 1.2177
3.50, 800, 291.28, 5276.24, 4786.48, 4786.48, 23.8700, 1.2182
3.50, 850, 291.29, 5279.27, 4787.62, 4787.62, 23.8717, 1.2187
3.50, 900, 291.29, 5282.07, 4788.67, 4788.67, 23.8732, 1.2192
3.50, 950, 291.30, 5284.68, 4789.64, 4789.64, 23.8746, 1.2196
3.50, 1000, 291.30, 5287.10, 4790.53, 4790.53, 23.8759, 1.2200
3.60, 100, 292.52, 5186.34, 4791.73, 4791.73, 23.9902, 1.1877
3.60, 150, 292.59, 5224.56, 4811.37, 4811.37, 24.0169, 1.1934
3.60, 200, 292.64, 5249.85, 4823.74, 4823.74, 24.0339, 1.1972
3.60, 250, 292.67, 5268.38, 4832.50, 4832.50, 24.0460, 1.2001
3.60, 300, 292.69, 5282.81, 4839.13, 4839.13, 24.0552, 1.2024
3.60, 350, 292.71, 5294.52, 4844.38, 4844.38, 24.0625, 1.2042
3.60, 400, 292.73, 5304.29, 4848.68, 4848.68, 24.0685, 1.2058
3.60, 450, 292.74, 5312.62, 4852.29, 4852.29, 24.0736, 1.2071
3.60, 500, 292.75, 5319.85, 4855.38, 4855.38, 24.0779, 1.2082
3.60, 550, 292.76, 5326.21, 4858.06, 4858.06, 24.0817, 1.2093
3.60, 600, 292.77, 5331.86, 4860.42, 4860.42, 24.0850, 1.2102
3.60, 650, 292.78, 5336.94, 4862.51, 4862.51, 24.0880, 1.2110
3.60, 700, 292.78, 5341.53, 4864.39, 4864.39, 24.0907, 1.2117
3.60, 750, 292.79, 5345.72, 4866.08, 4866.08, 24.0931, 1.2124
3.60, 800, 292.80, 5349.55, 4867.63, 4867.63, 24.0953, 1.2130
3.60, 850, 292.80, 5353.09, 4869.04, 4869.04, 24.0973, 1.2136
3.60, 900, 292.81, 5356.36, 4870.33, 4870.33, 24.0992, 1.2141
3.60, 950, 292.81, 5359.40, 4871.53, 4871.53, 24.1009, 1.2146
3.60, 1000, 292.81, 5362.23, 4872.64, 4872.64, 24.1025, 1.2151
3.70, 100, 293.89, 5233.90, 4853.29, 4853.29, 24.1879, 1.1806
3.70, 150, 293.98, 5275.91, 4876.38, 4876.38, 24.2190, 1.1865
3.70, 200, 294.03, 5303.92, 4891.06, 4891.06, 24.2389, 1.1905
3.70, 250, 294.07, 5324.58, 4901.51, 4901.51, 24.2532, 1.1936
3.70, 300, 294.10, 5340.76, 4909.46, 4909.46, 24.2641, 1.1960
3.70, 350, 294.12, 5353.93, 4915.79, 4915.79, 24.2728, 1.1979
3.70, 400, 294.14, 5364.96, 4920.98, 4920.98, 24.2800, 1.1996
3.70, 450, 294.15, 5374.39, 4925.35, 4925.35, 24.2861, 1.2010
3.70, 500, 294.17, 5382.60, 4929.10, 4929.10, 24.2913, 1.2023
3.70, 550, 294.18, 5389.84, 4932.35, 4932.35, 24.2958, 1.2034
3.70, 600, 294.19, 5396.29, 4935.22, 4935.22, 24.2999, 1.2044
3.70, 650, 294.20, 5402.09, 4937.77, 4937.77, 24.3034, 1.2053
3.70, 700, 294.21, 5407.35, 4940.06, 4940.06, 24.3067, 1.2061
3.70, 750, 294.22, 5412.15, 4942.14, 4942.14, 24.3096, 1.2069
3.70, 800, 294.22, 5416.56, 4944.02, 4944.02, 24.3122, 1.2076
3.70, 850, 294.23, 5420.63, 4945.75, 4945.75, 24.3147, 1.2082
3.70, 900, 294.23, 5424.39, 4947.33, 4947.33, 24.3169, 1.2088
3.70, 950, 294.24, 5427.90, 4948.80, 4948.80, 24.3190, 1.2093
3.70, 1000, 294.24, 5431.17, 4950.16, 4950.16, 24.3209, 1.2098
3.80, 100, 295.18, 5275.39, 4908.52, 4908.52, 24.3754, 1.1739
3.80, 150, 295.28, 5320.99, 4935.23, 4935.23, 24.4110, 1.1797
3.80, 200, 295.34, 5351.64, 4952.39, 4952.39, 24.4341, 1.1838
3.80, 250, 295.39, 5374.39, 4964.69, 4964.69, 24.4508, 1.1870
3.80, 300, 295.42, 5392.27, 4974.09, 4974.09, 24.4636, 1.1895
3.80, 350, 295.45, 5406.90, 4981.61, 4981.61, 24.4738, 1.1916
3.80, 400, 295.47, 5419.19, 4987.80, 4987.80, 24.4823, 1.1933
3.80, 450, 295.49, 5429.74, 4993.02, 4993.02, 24.4895, 1.1948
3.80, 500, 295.50, 5438.94, 4997.50, 4997.50, 24.4957, 1.1962
3.80, 550, 295.52, 5447.08, 5001.41, 5001.41, 24.5011, 1.1974
3.80, 600, 295.53, 5454.34, 5004.86, 5004.86, 24.5058, 1.1985
3.80, 650, 295.54, 5460.89, 5007.94, 5007.94, 24.5101, 1.1994
3.80, 700, 295.55, 5466.84, 5010.70, 5010.70, 24.5140, 1.2003
3.80, 750, 295.56, 5472.27, 5013.20, 5013.20, 24.5174, 1.2011
3.80, 800, 295.57, 5477.27, 5015.48, 5015.48, 24.5206, 1.2019
3.80, 850, 295.57, 5481.89, 5017.57, 5017.57, 24.5235, 1.2026
3.80, 900, 295.58, 5486.18, 5019.50, 5019.50, 24.5262, 1.2032
3.80, 950, 295.59, 5490.17, 5021.28, 5021.28, 24.5287, 1.2038
3.80, 1000, 295.59, 5493.91, 5022.93, 5022.93, 24.5310, 1.2044
3.90, 100, 296.38, 5311.28, 4957.49, 4957.49, 24.5528, 1.1675
3.90, 150, 296.50, 5360.23, 4987.90, 4987.90, 24.5931, 1.1732
3.90, 200, 296.57, 5393.37, 5007.64, 5007.64, 24.6195, 1.1773
3.90, 250, 296.62, 5418.09, 5021.89, 5021.89, 24.6386, 1.1805
3.90, 300, 296.66, 5437.64, 5032.86, 5032.86, 24.6534, 1.1830
3.90, 350, 296.69, 5453.67, 5041.66, 5041.66, 24.6653, 1.1852
3.90, 400, 296.72, 5467.20, 5048.94, 5048.94, 24.6752, 1.1870
3.90, 450, 296.74, 5478.85, 5055.10, 5055.10, 24.6836, 1.1886
3.90, 500, 296.76, 5489.03, 5060.40, 5060.40, 24.6908, 1.1900
3.90, 550, 296.78, 5498.06, 5065.04, 5065.04, 24.6972, 1.1912
3.90, 600, 296.79, 5506.14, 5069.14, 5069.14, 24.7028, 1.1924
3.90, 650, 296.80, 5513.43, 5072.80, 5072.80, 24.7078, 1.1934
3.90, 700, 296.81, 5520.07, 5076.09, 5076.09, 24.7124, 1.1943
3.90, 750, 296.83, 5526.16, 5079.08, 5079.08, 24.7165, 1.1952
3.90, 800, 296.83, 5531.76, 5081.81, 5081.81, 24.7202, 1.1960
3.90, 850, 296.84, 5536.94, 5084.31, 5084.31, 24.7237, 1.1967
3.90, 900, 296.85, 5541.75, 5086.61, 5086.61, 24.7269, 1.1974
3.90, 950, 296.86, 5546.25, 5088.75, 5088.75, 24.7299, 1.1981
3.90, 1000, 296.87, 5550.46, 5090.74, 5090.74, 24.7326, 1.1987
4.00, 100, 297.51, 5342.08, 5000.38, 5000.38, 24.7204, 1.1617
4.00, 150, 297.64, 5394.07, 5034.46, 5034.46, 24.7653, 1.1672
4.00, 200, 297.72, 5429.51, 5056.81, 5056.81, 24.7950, 1.1711
4.00, 250, 297.78, 5456.09, 5073.07, 5073.07, 24.8167, 1.1742
4.00, 300, 297.83, 5477.19, 5085.67, 5085.67, 24.8335, 1.1768
4.00, 350, 297.86, 5494.57, 5095.82, 5095.82, 24.8472, 1.1789
4.00, 400, 297.89, 5509.28, 5104.26, 5104.26, 24.8585, 1.1808
4.00, 450, 297.92, 5521.98, 5111.42, 5111.42, 24.8682, 1.1824
4.00, 500, 297.94, 5533.12, 5117.61, 5117.61, 24.8766, 1.1838
4.00, 550, 297.96, 5543.01, 5123.03, 5123.03, 24.8839, 1.1851
4.00, 600, 297.98, 5551.88, 5127.84, 5127.84, 24.8905, 1.1863
4.00, 650, 297.99, 5559.91, 5132.14, 5132.14, 24.8963, 1.1873
4.00, 700, 298.01, 5567.24, 5136.02, 5136.02, 24.9016, 1.1883
4.00, 750, 298.02, 5573.95, 5139.54, 5139.54, 24.9064, 1.1892
4.00, 800, 298.03, 5580.15, 5142.77, 5142.77, 24.9109, 1.1900
4.00, 850, 298.04, 5585.89, 5145.73, 5145.73, 24.9149, 1.1908
4.00, 900, 298.05, 5591.24, 5148.46, 5148.46, 24.9187, 1.1915
4.00, 950, 298.06, 5596.23, 5150.99, 5150.99, 24.9222, 1.1922
4.00, 1000, 298.07, 5600.91, 5153.35, 5153.35, 24.9254, 1.1929
4.10, 100, 298.56, 5368.30, 5037.50, 5037.50, 24.8785, 1.1564
4.10, 150, 298.70, 5423.02, 5075.09, 5075.09, 24.9279, 1.1616
4.10, 200, 298.80, 5460.53, 5100.00, 5100.00, 24.9608, 1.1654
4.10, 250, 298.87, 5488.81, 5118.27, 5118.27, 24.9850, 1.1684
4.10, 300, 298.92, 5511.34, 5132.51, 5132.51, 25.0040, 1.1709
4.10, 350, 298.96, 5529.97, 5144.05, 5144.05, 25.0194, 1.1729
4.10, 400, 299.00, 5545.78, 5153.68, 5153.68, 25.0323, 1.1748
4.10, 450, 299.03, 5559.47, 5161.89, 5161.89, 25.0433, 1.1764
4.10, 500, 299.05, 5571.51, 5169.01, 5169.01, 25.0528, 1.1778
4.10, 550, 299.07, 5582.22, 5175.26, 5175.26, 25.0613, 1.1791
4.10, 600, 299.09, 5591.85, 5180.82, 5180.82, 25.0688, 1.1803
4.10, 650, 299.11, 5600.59, 5185.80, 5185.80, 25.0755, 1.1813
4.10, 700, 299.13, 5608.57, 5190.31, 5190.31, 25.0816, 1.1823
4.10, 750, 299.14, 5615.90, 5194.41, 5194.41, 25.0872, 1.1832
4.10, 800, 299.15, 5622.67, 5198.17, 5198.17, 25.0923, 1.1841
4.10, 850, 299.17, 5628.96, 5201.62, 5201.62, 25.0970, 1.1849
4.10, 900, 299.18, 5634.82, 5204.82, 5204.82, 25.1013, 1.1856
4.10, 950, 299.19, 5640.30, 5207.79, 5207.79, 25.1054, 1.1863
4.10, 1000, 299.20, 5645.45, 5210.56, 5210.56, 25.1091, 1.1870
4.20, 100, 299.54, 5390.44, 5069.25, 5069.25, 25.0276, 1.1519
4.20, 150, 299.70, 5447.55, 5110.10, 5110.10, 25.0812, 1.1567
4.20, 200, 299.81, 5486.91, 5137.44, 5137.44, 25.1172, 1.1602
4.20, 250, 299.88, 5516.71, 5157.66, 5157.66, 25.1439, 1.1630
4.20, 300, 299.94, 5540.54, 5173.50, 5173.50, 25.1649, 1.1654
4.20, 350, 299.99, 5560.30, 5186.42, 5186.42, 25.1820, 1.1674
4.20, 400, 300.03, 5577.12, 5197.24, 5197.24, 25.1965, 1.1691
4.20, 450, 300.06, 5591.72, 5206.50, 5206.50, 25.2088, 1.1707
4.20, 500, 300.09, 5604.59, 5214.56, 5214.56, 25.2196, 1.1721
4.20, 550, 300.12, 5616.07, 5221.66, 5221.66, 25.2291, 1.1733
4.20, 600, 300.14, 5626.41, 5227.99, 5227.99, 25.2376, 1.1745
4.20, 650, 300.16, 5635.80, 5233.68, 5233.68, 25.2452, 1.1756
4.20, 700, 300.18, 5644.39, 5238.84, 5238.84, 25.2522, 1.1765
4.20, 750, 300.20, 5652.30, 5243.55, 5243.55, 25.2585, 1.1775
4.20, 800, 300.21, 5659.62, 5247.87, 5247.87, 25.2643, 1.1783
4.20, 850, 300.23, 5666.42, 5251.85, 5251.85, 25.2697, 1.1791
4.20, 900, 300.24, 5672.78, 5255.54, 5255.54, 25.2747, 1.1799
4.20, 950, 300.25, 5678.72, 5258.97, 5258.97, 25.2793, 1.1806
4.20, 1000, 300.26, 5684.32, 5262.18, 5262.18, 25.2837, 1.1812
4.30, 100, 300.45, 5408.97, 5096.07, 5096.07, 25.1683, 1.1479
4.30, 150, 300.63, 5468.15, 5139.90, 5139.90, 25.2257, 1.1523
4.30, 200, 300.75, 5509.13, 5169.50, 5169.50, 25.2646, 1.1556
4.30, 250, 300.83, 5540.27, 5191.53, 5191.53, 25.2936, 1.1583
4.30, 300, 300.90, 5565.25, 5208.88, 5208.88, 25.3166, 1.1605
4.30, 350, 300.95, 5586.02, 5223.11, 5223.11, 25.3354, 1.1623
4.30, 400, 301.00, 5603.75, 5235.09, 5235.09, 25.3513, 1.1640
4.30, 450, 301.04, 5619.17, 5245.37, 5245.37, 25.3649, 1.1655
4.30, 500, 301.07, 5632.78, 5254.36, 5254.36, 25.3769, 1.1668
4.30, 550, 301.10, 5644.95, 5262.30, 5262.30, 25.3875, 1.1680
4.30, 600, 301.12, 5655.94, 5269.40, 5269.40, 25.3970, 1.1691
4.30, 650, 301.15, 5665.93, 5275.80, 5275.80, 25.4055, 1.1701
4.30, 700, 301.17, 5675.09, 5281.62, 5281.62, 25.4133, 1.1711
4.30, 750, 301.19, 5683.53, 5286.93, 5286.93, 25.4204, 1.1720
4.30, 800, 301.21, 5691.35, 5291.82, 5291.82, 25.4270, 1.1728
4.30, 850, 301.22, 5698.64, 5296.34, 5296.34, 25.4330, 1.1736
4.30, 900, 301.24, 5705.44, 5300.54, 5300.54, 25.4387, 1.1743
4.30, 950, 301.25, 5711.83, 5304.45, 5304.45, 25.4439, 1.1750
4.30, 1000, 301.26, 5717.83, 5308.10, 5308.10, 25.4488, 1.1757
4.40, 100, 301.29, 5424.33, 5118.50, 5118.50, 25.3010, 1.1446
4.40, 150, 301.49, 5485.28, 5164.94, 5164.94, 25.3619, 1.1486
4.40, 200, 301.62, 5527.65, 5196.55, 5196.55, 25.4034, 1.1517
4.40, 250, 301.72, 5559.94, 5220.23, 5220.23, 25.4346, 1.1541
4.40, 300, 301.79, 5585.92, 5239.00, 5239.00, 25.4593, 1.1561
4.40, 350, 301.85, 5607.58, 5254.45, 5254.45, 25.4798, 1.1579
4.40, 400, 301.90, 5626.10, 5267.50, 5267.50, 25.4970, 1.1594
4.40, 450, 301.95, 5642.25, 5278.76, 5278.76, 25.5120, 1.1608
4.40, 500, 301.98, 5656.53, 5288.62, 5288.62, 25.5250, 1.1620
4.40, 550, 302.02, 5669.32, 5297.36, 5297.36, 25.5367, 1.1632
4.40, 600, 302.05, 5680.88, 5305.20, 5305.20, 25.5471, 1.1642
4.40, 650, 302.07, 5691.41, 5312.28, 5312.28, 25.5565, 1.1652
4.40, 700, 302.10, 5701.07, 5318.74, 5318.74, 25.5651, 1.1661
4.40, 750, 302.12, 5710.00, 5324.65, 5324.65, 25.5730, 1.1669
4.40, 800, 302.14, 5718.28, 5330.10, 5330.10, 25.5803, 1.1677
4.40, 850, 302.16, 5725.99, 5335.15, 5335.15, 25.5871, 1.1685
4.40, 900, 302.17, 5733.21, 5339.85, 5339.85, 25.5933, 1.1692
4.40, 950, 302.19, 5739.99, 5344.23, 5344.23, 25.5992, 1.1698
4.40, 1000, 302.20, 5746.38, 5348.33, 5348.33, 25.6047, 1.1705
4.50, 100, 302.07, 5436.90, 5137.01, 5137.01, 25.4264, 1.1418
4.50, 150, 302.29, 5499.35, 5185.72, 5185.72, 25.4903, 1.1455
4.50, 200, 302.44, 5542.90, 5219.10, 5219.10, 25.5342, 1.1483
4.50, 250, 302.54, 5576.18, 5244.24, 5244.24, 25.5673, 1.1505
4.50, 300, 302.62, 5603.02, 5264.26, 5264.26, 25.5938, 1.1524
4.50, 350, 302.69, 5625.44, 5280.80, 5280.80, 25.6156, 1.1540
4.50, 400, 302.75, 5644.65, 5294.83, 5294.83, 25.6342, 1.1554
4.50, 450, 302.79, 5661.42, 5306.97, 5306.97, 25.6503, 1.1567
4.50, 500, 302.84, 5676.28, 5317.64, 5317.64, 25.6644, 1.1579
4.50, 550, 302.87, 5689.60, 5327.13, 5327.13, 25.6770, 1.1589
4.50, 600, 302.91, 5701.67, 5335.66, 5335.66, 25.6883, 1.1599
4.50, 650, 302.94, 5712.67, 5343.39, 5343.39, 25.6986, 1.1608
4.50, 700, 302.96, 5722.79, 5350.45, 5350.45, 25.7080, 1.1616
4.50, 750, 302.99, 5732.13, 5356.93, 5356.93, 25.7166, 1.1624
4.50, 800, 303.01, 5740.81, 5362.91, 5362.91, 25.7246, 1.1632
4.50, 850, 303.03, 5748.91, 5368.47, 5368.47, 25.7320, 1.1639
4.50, 900, 303.05, 5756.50, 5373.64, 5373.64, 25.7389, 1.1645
4.50, 950, 303.07, 5763.63, 5378.48, 5378.48, 25.7453, 1.1652
4.50, 1000, 303.08, 5770.35, 5383.01, 5383.01, 25.7514, 1.1658
4.60, 100, 302.79, 5447.05, 5152.10, 5152.10, 25.5450, 1.1395
4.60, 150, 303.03, 5510.73, 5202.73, 5202.73, 25.6116, 1.1429
4.60, 200, 303.19, 5555.27, 5237.61, 5237.61, 25.6576, 1.1455
4.60, 250, 303.31, 5589.38, 5264.01, 5264.01, 25.6924, 1.1475
4.60, 300, 303.40, 5616.94, 5285.12, 5285.12, 25.7203, 1.1493
4.60, 350, 303.47, 5640.00, 5302.62, 5302.62, 25.7435, 1.1507
4.60, 400, 303.53, 5659.80, 5317.52, 5317.52, 25.7632, 1.1520
4.60, 450, 303.58, 5677.11, 5330.44, 5330.44, 25.7803, 1.1532
4.60, 500, 303.63, 5692.46, 5341.84, 5341.84, 25.7954, 1.1543
4.60, 550, 303.67, 5706.25, 5351.99, 5351.99, 25.8089, 1.1552
4.60, 600, 303.71, 5718.74, 5361.14, 5361.14, 25.8211, 1.1561
4.60, 650, 303.74, 5730.15, 5369.45, 5369.45, 25.8321, 1.1570
4.60, 700, 303.77, 5740.65, 5377.06, 5377.06, 25.8422, 1.1577
4.60, 750, 303.80, 5750.37, 5384.05, 5384.05, 25.8515, 1.1585
4.60, 800, 303.82, 5759.39, 5390.53, 5390.53, 25.8601, 1.1592
4.60, 850, 303.84, 5767.83, 5396.54, 5396.54, 25.8682, 1.1598
4.60, 900, 303.87, 5775.73, 5402.16, 5402.16, 25.8756, 1.1604
4.60, 950, 303.89, 5783.17, 5407.41, 5407.41, 25.8826, 1.1610
4.60, 1000, 303.90, 5790.19, 5412.36, 5412.36, 25.8892, 1.1616
4.70, 100, 303.46, 5455.07, 5164.19, 5164.19, 25.6574, 1.1376
4.70, 150, 303.72, 5519.77, 5216.41, 5216.41, 25.7263, 1.1408
4.70, 200, 303.89, 5565.11, 5252.56, 5252.56, 25.7741, 1.1432
4.70, 250, 304.01, 5599.91, 5280.02, 5280.02, 25.8104, 1.1451
4.70, 300, 304.11, 5628.07, 5302.05, 5302.05, 25.8396, 1.1466
4.70, 350, 304.19, 5651.67, 5320.38, 5320.38, 25.8639, 1.1480
4.70, 400, 304.26, 5671.95, 5336.02, 5336.02, 25.8846, 1.1492
4.70, 450, 304.32, 5689.71, 5349.63, 5349.63, 25.9027, 1.1503
4.70, 500, 304.37, 5705.48, 5361.64, 5361.64, 25.9186, 1.1513
4.70, 550, 304.41, 5719.65, 5372.38, 5372.38, 25.9329, 1.1521
4.70, 600, 304.45, 5732.51, 5382.08, 5382.08, 25.9458, 1.1530
4.70, 650, 304.49, 5744.27, 5390.90, 5390.90, 25.9575, 1.1537
4.70, 700, 304.52, 5755.09, 5398.98, 5398.98, 25.9683, 1.1544
4.70, 750, 304.55, 5765.12, 5406.44, 5406.44, 25.9782, 1.1551
4.70, 800, 304.58, 5774.44, 5413.34, 5413.34, 25.9874, 1.1557
4.70, 850, 304.60, 5783.16, 5419.77, 5419.77, 25.9960, 1.1563
4.70, 900, 304.63, 5791.34, 5425.78, 5425.78, 26.0040, 1.1569
4.70, 950, 304.65, 5799.04, 5431.42, 5431.42, 26.0115, 1.1574
4.70, 1000, 304.67, 5806.31, 5436.72, 5436.72, 26.0186, 1.1579
4.80, 100, 304.06, 5461.24, 5173.67, 5173.67, 25.7641, 1.1361
4.80, 150, 304.34, 5526.75, 5227.19, 5227.19, 25.8349, 1.1391
4.80, 200, 304.53, 5572.75, 5264.38, 5264.38, 25.8842, 1.1413
4.80, 250, 304.66, 5608.10, 5292.72, 5292.72, 25.9218, 1.1431
4.80, 300, 304.77, 5636.75, 5315.53, 5315.53, 25.9521, 1.1445
4.80, 350, 304.86, 5660.79, 5334.54, 5334.54, 25.9774, 1.1458
4.80, 400, 304.93, 5681.47, 5350.80, 5350.80, 25.9990, 1.1469
4.80, 450, 304.99, 5699.59, 5364.98, 5364.98, 26.0179, 1.1479
4.80, 500, 305.05, 5715.71, 5377.53, 5377.53, 26.0346, 1.1488
4.80, 550, 305.10, 5730.20, 5388.76, 5388.76, 26.0495, 1.1496
4.80, 600, 305.14, 5743.36, 5398.92, 5398.92, 26.0631, 1.1503
4.80, 650, 305.18, 5755.40, 5408.18, 5408.18, 26.0754, 1.1510
4.80, 700, 305.22, 5766.50, 5416.68, 5416.68, 26.0867, 1.1517
4.80, 750, 305.25, 5776.78, 5424.52, 5424.52, 26.0972, 1.1523
4.80, 800, 305.28, 5786.35, 5431.80, 5431.80, 26.1069, 1.1529
4.80, 850, 305.31, 5795.31, 5438.59, 5438.59, 26.1160, 1.1534
4.80, 900, 305.33, 5803.71, 5444.94, 5444.94, 26.1244, 1.1539
4.80, 950, 305.36, 5811.63, 5450.91, 5450.91, 26.1324, 1.1544
4.80, 1000, 305.38, 5819.12, 5456.53, 5456.53, 26.1399, 1.1549
4.90, 100, 304.61, 5465.78, 5180.88, 5180.88, 25.8655, 1.1349
4.90, 150, 304.91, 5531.93, 5235.44, 5235.44, 25.9380, 1.1377
4.90, 200, 305.11, 5578.45, 5273.47, 5273.47, 25.9886, 1.1398
4.90, 250, 305.26, 5614.24, 5302.53, 5302.53, 26.0272, 1.1414
4.90, 300, 305.37, 5643.28, 5325.96, 5325.96, 26.0585, 1.1428
4.90, 350, 305.47, 5667.67, 5345.53, 5345.53, 26.0845, 1.1440
4.90, 400, 305.55, 5688.67, 5362.30, 5362.30, 26.1069, 1.1450
4.90, 450, 305.61, 5707.09, 5376.95, 5376.95, 26.1265, 1.1459
4.90, 500, 305.67, 5723.48, 5389.94, 5389.94, 26.1438, 1.1467
4.90, 550, 305.73, 5738.23, 5401.58, 5401.58, 26.1593, 1.1475
4.90, 600, 305.78, 5751.63, 5412.12, 5412.12, 26.1734, 1.1482
4.90, 650, 305.82, 5763.91, 5421.74, 5421.74, 26.1863, 1.1488
4.90, 700, 305.86, 5775.23, 5430.58, 5430.58, 26.1981, 1.1494
4.90, 750, 305.89, 5785.72, 5438.76, 5438.76, 26.2090, 1.1500
4.90, 800, 305.93, 5795.49, 5446.35, 5446.35, 26.2192, 1.1505
4.90, 850, 305.96, 5804.64, 5453.44, 5453.44, 26.2287, 1.1510
4.90, 900, 305.99, 5813.23, 5460.08, 5460.08, 26.2376, 1.1515
4.90, 950, 306.01, 5821.33, 5466.32, 5466.32, 26.2459, 1.1520
4.90, 1000, 306.04, 5828.99, 5472.21, 5472.21, 26.2538, 1.1524
5.00, 100, 305.11, 5468.92, 5186.13, 5186.13, 25.9620, 1.1339
5.00, 150, 305.42, 5535.54, 5241.50, 5241.50, 26.0359, 1.1366
5.00, 200, 305.64, 5582.45, 5280.19, 5280.19, 26.0875, 1.1386
5.00, 250, 305.80, 5618.59, 5309.80, 5309.80, 26.1271, 1.1401
5.00, 300, 305.92, 5647.93, 5333.73, 5333.73, 26.1591, 1.1414
5.00, 350, 306.02, 5672.59, 5353.75, 5353.75, 26.1859, 1.1425
5.00, 400, 306.11, 5693.84, 5370.93, 5370.93, 26.2088, 1.1435
5.00, 450, 306.18, 5712.49, 5385.95, 5385.95, 26.2290, 1.1443
5.00, 500, 306.25, 5729.10, 5399.29, 5399.29, 26.2468, 1.1451
5.00, 550, 306.30, 5744.05, 5411.26, 5411.26, 26.2629, 1.1458
5.00, 600, 306.36, 5757.65, 5422.11, 5422.11, 26.2774, 1.1465
5.00, 650, 306.40, 5770.10, 5432.02, 5432.02, 26.2907, 1.1471
5.00, 700, 306.44, 5781.59, 5441.14, 5441.14, 26.3029, 1.1476
5.00, 750, 306.48, 5792.25, 5449.58, 5449.58, 26.3142, 1.1481
5.00, 800, 306.52, 5802.19, 5457.43, 5457.43, 26.3248, 1.1486
5.00, 850, 306.55, 5811.49, 5464.77, 5464.77, 26.3346, 1.1491
5.00, 900, 306.58, 5820.23, 5471.64, 5471.64, 26.3438, 1.1495
5.00, 950, 306.61, 5828.47, 5478.11, 5478.11, 26.3525, 1.1500
5.00, 1000, 306.64, 5836.26, 5484.22, 5484.22, 26.3607, 1.1504
5.10, 100, 305.54, 5470.81, 5189.68, 5189.68, 26.0541, 1.1332
5.10, 150, 305.88, 5537.78, 5245.66, 5245.66, 26.1290, 1.1358
5.10, 200, 306.11, 5584.98, 5284.84, 5284.84, 26.1815, 1.1377
5.10, 250, 306.28, 5621.36, 5314.88, 5314.88, 26.2218, 1.1391
5.10, 300, 306.41, 5650.93, 5339.19, 5339.19, 26.2544, 1.1404
5.10, 350, 306.52, 5675.79, 5359.55, 5359.55, 26.2818, 1.1414
5.10, 400, 306.61, 5697.23, 5377.04, 5377.04, 26.3053, 1.1423
5.10, 450, 306.69, 5716.05, 5392.36, 5392.36, 26.3259, 1.1431
5.10, 500, 306.76, 5732.82, 5405.96, 5405.96, 26.3441, 1.1438
5.10, 550, 306.83, 5747.93, 5418.19, 5418.19, 26.3606, 1.1445
5.10, 600, 306.88, 5761.67, 5429.28, 5429.28, 26.3755, 1.1451
5.10, 650, 306.93, 5774.27, 5439.43, 5439.43, 26.3892, 1.1457
5.10, 700, 306.98, 5785.89, 5448.77, 5448.77, 26.4017, 1.1462
5.10, 750, 307.02, 5796.68, 5457.42, 5457.42, 26.4134, 1.1467
5.10, 800, 307.06, 5806.73, 5465.47, 5465.47, 26.4242, 1.1472
5.10, 850, 307.09, 5816.15, 5472.99, 5472.99, 26.4343, 1.1476
5.10, 900, 307.13, 5825.01, 5480.05, 5480.05, 26.4439, 1.1480
5.10, 950, 307.16, 5833.36, 5486.71, 5486.71, 26.4528, 1.1484
5.10, 1000, 307.19, 5841.26, 5492.99, 5492.99, 26.4613, 1.1488
5.20, 100, 305.92, 5471.61, 5191.74, 5191.74, 26.1420, 1.1327
5.20, 150, 306.28, 5538.81, 5248.15, 5248.15, 26.2178, 1.1352
5.20, 200, 306.53, 5586.20, 5287.69, 5287.69, 26.2710, 1.1370
5.20, 250, 306.71, 5622.76, 5318.05, 5318.05, 26.3118, 1.1384
5.20, 300, 306.85, 5652.48, 5342.63, 5342.63, 26.3449, 1.1395
5.20, 350, 306.97, 5677.49, 5363.25, 5363.25, 26.3727, 1.1405
5.20, 400, 307.07, 5699.06, 5380.97, 5380.97, 26.3966, 1.1414
5.20, 450, 307.15, 5718.01, 5396.51, 5396.51, 26.4176, 1.1422
5.20, 500, 307.23, 5734.89, 5410.31, 5410.31, 26.4362, 1.1429
5.20, 550, 307.29, 5750.11, 5422.73, 5422.73, 26.4530, 1.1435
5.20, 600, 307.35, 5763.96, 5434.00, 5434.00, 26.4682, 1.1441
5.20, 650, 307.41, 5776.66, 5444.32, 5444.32, 26.4822, 1.1446
5.20, 700, 307.46, 5788.38, 5453.83, 5453.83, 26.4950, 1.1451
5.20, 750, 307.50, 5799.25, 5462.63, 5462.63, 26.5069, 1.1456
5.20, 800, 307.54, 5809.40, 5470.83, 5470.83, 26.5180, 1.1460
5.20, 850, 307.58, 5818.90, 5478.50, 5478.50, 26.5284, 1.1464
5.20, 900, 307.62, 5827.84, 5485.71, 5485.71, 26.5381, 1.1468
5.20, 950, 307.65, 5836.27, 5492.49, 5492.49, 26.5473, 1.1472
5.20, 1000, 307.68, 5844.25, 5498.91, 5498.91, 26.5559, 1.1475
5.30, 100, 306.24, 5471.45, 5192.51, 5192.51, 26.2260, 1.1322
5.30, 150, 306.63, 5538.78, 5249.21, 5249.21, 26.3025, 1.1347
5.30, 200, 306.88, 5586.29, 5288.99, 5288.99, 26.3562, 1.1364
5.30, 250, 307.08, 5622.95, 5319.55, 5319.55, 26.3975, 1.1378
5.30, 300, 307.23, 5652.76, 5344.32, 5344.32, 26.4310, 1.1390
5.30, 350, 307.35, 5677.86, 5365.11, 5365.11, 26.4591, 1.1399
5.30, 400, 307.46, 5699.52, 5383.00, 5383.00, 26.4833, 1.1408
5.30, 450, 307.55, 5718.55, 5398.68, 5398.68, 26.5046, 1.1415
5.30, 500, 307.63, 5735.51, 5412.63, 5412.63, 26.5235, 1.1422
5.30, 550, 307.70, 5750.80, 5425.18, 5425.18, 26.5405, 1.1428
5.30, 600, 307.76, 5764.72, 5436.59, 5436.59, 26.5560, 1.1433
5.30, 650, 307.82, 5777.48, 5447.02, 5447.02, 26.5701, 1.1439
5.30, 700, 307.88, 5789.27, 5456.65, 5456.65, 26.5832, 1.1443
5.30, 750, 307.92, 5800.21, 5465.56, 5465.56, 26.5953, 1.1448
5.30, 800, 307.97, 5810.41, 5473.87, 5473.87, 26.6066, 1.1452
5.30, 850, 308.01, 5819.97, 5481.65, 5481.65, 26.6171, 1.1456
5.30, 900, 308.05, 5828.97, 5488.95, 5488.95, 26.6270, 1.1460
5.30, 950, 308.09, 5837.46, 5495.84, 5495.84, 26.6364, 1.1463
5.30, 1000, 308.12, 5845.49, 5502.34, 5502.34, 26.6452, 1.1466
5.40, 100, 306.50, 5470.44, 5192.15, 5192.15, 26.3065, 1.1320
5.40, 150, 306.90, 5537.81, 5249.00, 5249.00, 26.3834, 1.1344
5.40, 200, 307.18, 5585.37, 5288.92, 5288.92, 26.4375, 1.1361
5.40, 250, 307.38, 5622.07, 5319.61, 5319.61, 26.4791, 1.1374
5.40, 300, 307.54, 5651.93, 5344.49, 5344.49, 26.5129, 1.1385
5.40, 350, 307.67, 5677.08, 5365.39, 5365.39, 26.5413, 1.1395
5.40, 400, 307.79, 5698.77, 5383.37, 5383.37, 26.5658, 1.1403
5.40, 450, 307.88, 5717.85, 5399.15, 5399.15, 26.5872, 1.1410
5.40, 500, 307.97, 5734.85, 5413.19, 5413.19, 26.6063, 1.1417
5.40, 550, 308.05, 5750.18, 5425.82, 5425.82, 26.6235, 1.1423
5.40, 600, 308.11, 5764.14, 5437.31, 5437.31, 26.6391, 1.1428
5.40, 650, 308.18, 5776.94, 5447.82, 5447.82, 26.6535, 1.1433
5.40, 700, 308.23, 5788.76, 5457.52, 5457.52, 26.6667, 1.1438
5.40, 750, 308.29, 5799.73, 5466.51, 5466.51, 26.6789, 1.1442
5.40, 800, 308.33, 5809.97, 5474.89, 5474.89, 26.6903, 1.1446
5.40, 850, 308.38, 5819.57, 5482.73, 5482.73, 26.7010, 1.1450
5.40, 900, 308.42, 5828.60, 5490.10, 5490.10, 26.7111, 1.1454
5.40, 950, 308.46, 5837.12, 5497.05, 5497.05, 26.7205, 1.1457
5.40, 1000, 308.50, 5845.18, 5503.62, 5503.62, 26.7295, 1.1460
5.50, 100, 306.68, 5468.70, 5190.80, 5190.80, 26.3836, 1.1318
5.50, 150, 307.11, 5536.03, 5247.69, 5247.69, 26.4608, 1.1342
5.50, 200, 307.40, 5583.56, 5287.66, 5287.66, 26.5152, 1.1359
5.50, 250, 307.61, 5620.26, 5318.40, 5318.40, 26.5570, 1.1372
5.50, 300, 307.79, 5650.12, 5343.33, 5343.33, 26.5910, 1.1383
5.50, 350, 307.93, 5675.27, 5364.27, 5364.27, 26.6196, 1.1392
5.50, 400, 308.05, 5696.97, 5382.30, 5382.30, 26.6442, 1.1400
5.50, 450, 308.15, 5716.05, 5398.12, 5398.12, 26.6658, 1.1407
5.50, 500, 308.24, 5733.06, 5412.21, 5412.21, 26.6850, 1.1414
5.50, 550, 308.32, 5748.41, 5424.88, 5424.88, 26.7024, 1.1420
5.50, 600, 308.39, 5762.37, 5436.41, 5436.41, 26.7181, 1.1425
5.50, 650, 308.46, 5775.19, 5446.96, 5446.96, 26.7325, 1.1430
5.50, 700, 308.52, 5787.02, 5456.70, 5456.70, 26.7459, 1.1434
5.50, 750, 308.58, 5798.01, 5465.73, 5465.73, 26.7582, 1.1438
5.50, 800, 308.63, 5808.26, 5474.14, 5474.14, 26.7697, 1.1442
5.50, 850, 308.68, 5817.87, 5482.02, 5482.02, 26.7805, 1.1446
5.50, 900, 308.72, 5826.91, 5489.43, 5489.43, 26.7906, 1.1450
5.50, 950, 308.76, 5835.44, 5496.41, 5496.41, 26.8002, 1.1453
5.50, 1000, 308.80, 5843.52, 5503.01, 5503.01, 26.8092, 1.1456
5.60, 100, 306.77, 5466.29, 5188.58, 5188.58, 26.4575, 1.1317
5.60, 150, 307.22, 5533.51, 5245.42, 5245.42, 26.5350, 1.1341
5.60, 200, 307.53, 5580.97, 5285.36, 5285.36, 26.5895, 1.1358
5.60, 250, 307.76, 5617.62, 5316.08, 5316.08, 26.6315, 1.1371
5.60, 300, 307.94, 5647.44, 5341.00, 5341.00, 26.6656, 1.1382
5.60, 350, 308.09, 5672.56, 5361.94, 5361.94, 26.6942, 1.1391
5.60, 400, 308.22, 5694.24, 5379.98, 5379.98, 26.7189, 1.1399
5.60, 450, 308.33, 5713.30, 5395.80, 5395.80, 26.7406, 1.1406
5.60, 500, 308.42, 5730.29, 5409.88, 5409.88, 26.7599, 1.1412
5.60, 550, 308.51, 5745.62, 5422.57, 5422.57, 26.7773, 1.1418
5.60, 600, 308.59, 5759.58, 5434.10, 5434.10, 26.7932, 1.1423
5.60, 650, 308.66, 5772.38, 5444.66, 5444.66, 26.8077, 1.1428
5.60, 700, 308.72, 5784.20, 5454.40, 5454.40, 26.8210, 1.1432
5.60, 750, 308.78, 5795.18, 5463.44, 5463.44, 26.8335, 1.1437
5.60, 800, 308.84, 5805.43, 5471.86, 5471.86, 26.8450, 1.1441
5.60, 850, 308.89, 5815.03, 5479.75, 5479.75, 26.8559, 1.1444
5.60, 900, 308.93, 5824.07, 5487.17, 5487.17, 26.8661, 1.1448
5.60, 950, 308.98, 5832.60, 5494.16, 5494.16, 26.8757, 1.1451
5.60, 1000, 309.02, 5840.67, 5500.77, 5500.77, 26.8848, 1.1454
5.70, 100, 306.71, 5463.30, 5185.60, 5185.60, 26.5286, 1.1317
5.70, 150, 307.19, 5530.35, 5242.30, 5242.30, 26.6061, 1.1341
5.70, 200, 307.51, 5577.70, 5282.14, 5282.14, 26.6607, 1.1358
5.70, 250, 307.76, 5614.26, 5312.79, 5312.79, 26.7027, 1.1371
5.70, 300, 307.95, 5644.00, 5337.66, 5337.66, 26.7368, 1.1382
5.70, 350, 308.11, 5669.06, 5358.55, 5358.55, 26.7655, 1.1391
5.70, 400, 308.24, 5690.69, 5376.55, 5376.55, 26.7903, 1.1399
5.70, 450, 308.36, 5709.70, 5392.34, 5392.34, 26.8120, 1.1406
5.70, 500, 308.46, 5726.65, 5406.39, 5406.39, 26.8313, 1.1412
5.70, 550, 308.55, 5741.95, 5419.05, 5419.05, 26.8488, 1.1418
5.70, 600, 308.64, 5755.87, 5430.56, 5430.56, 26.8646, 1.1423
5.70, 650, 308.71, 5768.64, 5441.10, 5441.10, 26.8792, 1.1428
5.70, 700, 308.78, 5780.44, 5450.82, 5450.82, 26.8926, 1.1432
5.70, 750, 308.84, 5791.39, 5459.84, 5459.84, 26.9050, 1.1436
5.70, 800, 308.90, 5801.62, 5468.25, 5468.25, 26.9166, 1.1440
5.70, 850, 308.96, 5811.20, 5476.13, 5476.13, 26.9275, 1.1444
5.70, 900, 309.01, 5820.21, 5483.53, 5483.53, 26.9377, 1.1447
5.70, 950, 309.05, 5828.72, 5490.50, 5490.50, 26.9473, 1.1450
5.70, 1000, 309.10, 5836.78, 5497.11, 5497.11, 26.9564, 1.1454
5.80, 100, 306.10, 5459.79, 5181.95, 5181.95, 26.5968, 1.1318
5.80, 150, 306.58, 5526.63, 5238.44, 5238.44, 26.6743, 1.1342
5.80, 200, 306.90, 5573.81, 5278.13, 5278.13, 26.7289, 1.1358
5.80, 250, 307.14, 5610.25, 5308.66, 5308.66, 26.7709, 1.1372
5.80, 300, 307.33, 5639.89, 5333.43, 5333.43, 26.8050, 1.1382
5.80, 350, 307.49, 5664.86, 5354.24, 5354.24, 26.8337, 1.1391
5.80, 400, 307.62, 5686.41, 5372.16, 5372.16, 26.8584, 1.1399
5.80, 450, 307.74, 5705.35, 5387.88, 5387.88, 26.8801, 1.1406
5.80, 500, 307.84, 5722.25, 5401.88, 5401.88, 26.8995, 1.1413
5.80, 550, 307.93, 5737.48, 5414.48, 5414.48, 26.9169, 1.1418
5.80, 600, 308.01, 5751.35, 5425.94, 5425.94, 26.9327, 1.1424
5.80, 650, 308.08, 5764.08, 5436.44, 5436.44, 26.9473, 1.1428
5.80, 700, 308.15, 5775.83, 5446.12, 5446.12, 26.9607, 1.1433
5.80, 750, 308.22, 5786.75, 5455.11, 5455.11, 26.9731, 1.1437
5.80, 800, 308.27, 5796.93, 5463.48, 5463.48, 26.9847, 1.1441
5.80, 850, 308.33, 5806.48, 5471.32, 5471.32, 26.9956, 1.1445
5.80, 900, 308.38, 5815.46, 5478.69, 5478.69, 27.0058, 1.1448
5.80, 950, 308.42, 5823.94, 5485.63, 5485.63, 27.0154, 1.1451
5.80, 1000, 308.47, 5831.97, 5492.21, 5492.21, 27.0245, 1.1454
5.90, 100, 305.27, 5455.82, 5177.70, 5177.70, 26.6625, 1.1320
5.90, 150, 305.73, 5522.39, 5233.91, 5233.91, 26.7399, 1.1343
5.90, 200, 306.04, 5569.38, 5273.40, 5273.40, 26.7943, 1.1360
5.90, 250, 306.27, 5605.66, 5303.77, 5303.77, 26.8362, 1.1373
5.90, 300, 306.45, 5635.18, 5328.41, 5328.41, 26.8703, 1.1384
5.90, 350, 306.60, 5660.03, 5349.10, 5349.10, 26.8989, 1.1393
5.90, 400, 306.73, 5681.49, 5366.92, 5366.92, 26.9236, 1.1401
5.90, 450, 306.84, 5700.34, 5382.56, 5382.56, 26.9452, 1.1408
5.90, 500, 306.94, 5717.16, 5396.47, 5396.47, 26.9645, 1.1415
5.90, 550, 307.02, 5732.33, 5409.00, 5409.00, 26.9819, 1.1420
5.90, 600, 307.10, 5746.13, 5420.39, 5420.39, 26.9977, 1.1426
5.90, 650, 307.17, 5758.80, 5430.82, 5430.82, 27.0122, 1.1430
5.90, 700, 307.24, 5770.49, 5440.44, 5440.44, 27.0256, 1.1435
5.90, 750, 307.30, 5781.35, 5449.37, 5449.37, 27.0380, 1.1439
5.90, 800, 307.35, 5791.49, 5457.69, 5457.69, 27.0496, 1.1443
5.90, 850, 307.41, 5800.99, 5465.48, 5465.48, 27.0604, 1.1447
5.90, 900, 307.45, 5809.92, 5472.80, 5472.80, 27.0706, 1.1450
5.90, 950, 307.50, 5818.36, 5479.70, 5479.70, 27.0802, 1.1453
5.90, 1000, 307.54, 5826.34, 5486.23, 5486.23, 27.0893, 1.1456
6.00, 100, 304.42, 5451.44, 5172.92, 5172.92, 26.7258, 1.1321
6.00, 150, 304.85, 5517.71, 5228.81, 5228.81, 26.8029, 1.1345
6.00, 200, 305.15, 5564.47, 5268.06, 5268.06, 26.8571, 1.1362
6.00, 250, 305.37, 5600.57, 5298.23, 5298.23, 26.8989, 1.1375
6.00, 300, 305.55, 5629.93, 5322.70, 5322.70, 26.9329, 1.1386
6.00, 350, 305.69, 5654.66, 5343.25, 5343.25, 26.9614, 1.1396
6.00, 400, 305.81, 5676.00, 5360.95, 5360.95, 26.9860, 1.1404
6.00, 450, 305.92, 5694.75, 5376.47, 5376.47, 27.0076, 1.1411
6.00, 500, 306.01, 5711.47, 5390.28, 5390.28, 27.0268, 1.1417
6.00, 550, 306.10, 5726.55, 5402.71, 5402.71, 27.0441, 1.1423
6.00, 600, 306.17, 5740.28, 5414.01, 5414.01, 27.0598, 1.1428
6.00, 650, 306.24, 5752.87, 5424.36, 5424.36, 27.0742, 1.1433
6.00, 700, 306.30, 5764.50, 5433.91, 5433.91, 27.0876, 1.1438
6.00, 750, 306.36, 5775.29, 5442.76, 5442.76, 27.0999, 1.1442
6.00, 800, 306.41, 5785.37, 5451.01, 5451.01, 27.1114, 1.1446
6.00, 850, 306.46, 5794.81, 5458.74, 5458.74, 27.1222, 1.1450
6.00, 900, 306.51, 5803.69, 5465.99, 5465.99, 27.1323, 1.1453
6.00, 950, 306.55, 5812.07, 5472.84, 5472.84, 27.1419, 1.1456
6.00, 1000, 306.59, 5820.01, 5479.31, 5479.31, 27.1509, 1.1459
