O/F,Pc_psia,Isp_s,Tc_R,Tt_R,Te_R,MW_lbm_lbmol,Gamma,Optimal_Eps,Pe_to_Pamb
1.00,100,230.57,2017.99,1907.61,1222.87,15.3987,1.1476,1.90,0.9675
1.00,150,231.62,2062.31,1947.63,1239.26,15.5613,1.1495,2.40,1.0262
1.00,200,232.36,2094.97,1977.08,1251.21,15.6872,1.1509,3.00,0.9979
1.00,250,232.94,2121.01,2000.55,1260.66,15.7909,1.1519,3.50,1.0087
1.00,300,233.41,2142.74,2020.12,1268.49,15.8798,1.1528,4.00,1.0101
1.00,350,233.80,2161.44,2036.95,1275.19,15.9577,1.1534,4.50,1.0065
1.00,400,234.14,2177.86,2051.73,1281.05,16.0273,1.1540,5.00,1.0003
1.00,450,234.45,2192.54,2064.93,1286.26,16.0903,1.1545,5.50,0.9928
1.00,500,234.71,2205.81,2076.87,1290.95,16.1479,1.1550,5.90,1.0061
1.00,550,234.96,2217.93,2087.77,1295.22,16.2011,1.1554,6.40,0.9955
1.00,600,235.18,2229.08,2097.81,1299.14,16.2505,1.1557,6.80,1.0038
1.00,650,235.38,2239.43,2107.11,1302.76,16.2967,1.1560,7.30,0.9922
1.00,700,235.57,2249.08,2115.79,1306.13,16.3400,1.1563,7.70,0.9975
1.00,750,235.74,2258.12,2123.92,1309.28,16.3809,1.1566,8.10,1.0013
1.00,800,235.91,2266.62,2131.57,1312.23,16.4196,1.1568,8.50,1.0040
1.00,850,236.06,2274.66,2138.79,1315.02,16.4563,1.1570,8.90,1.0058
1.00,900,236.20,2282.27,2145.64,1317.65,16.4913,1.1572,9.40,0.9933
1.00,950,236.34,2289.51,2152.15,1320.15,16.5247,1.1574,9.80,0.9942
1.00,1000,236.47,2296.40,2158.35,1322.52,16.5567,1.1576,10.00,1.0197
1.10,100,232.98,2058.79,1940.39,1246.59,15.7400,1.1535,1.90,0.9636
1.10,150,234.06,2103.24,1980.67,1262.72,15.8914,1.1553,2.40,1.0220
1.10,200,234.83,2136.09,2010.36,1274.51,16.0096,1.1566,3.00,0.9938
1.10,250,235.42,2162.31,2034.04,1283.85,16.1077,1.1576,3.50,1.0046
1.10,300,235.90,2184.23,2053.81,1291.61,16.1920,1.1584,4.00,1.0060
1.10,350,236.31,2203.11,2070.83,1298.26,16.2662,1.1591,4.50,1.0025
1.10,400,236.67,2219.71,2085.79,1304.08,16.3328,1.1596,5.00,0.9964
1.10,450,236.98,2234.55,2099.15,1309.26,16.3932,1.1601,5.50,0.9889
1.10,500,237.25,2247.98,2111.24,1313.93,16.4486,1.1606,5.90,1.0022
1.10,550,237.51,2260.25,2122.29,1318.18,16.4998,1.1609,6.40,0.9917
1.10,600,237.73,2271.56,2132.47,1322.09,16.5474,1.1613,6.80,1.0000
1.10,650,237.94,2282.05,2141.91,1325.70,16.5921,1.1616,7.20,1.0061
1.10,700,238.14,2291.84,2150.71,1329.07,16.6340,1.1619,7.70,0.9938
1.10,750,238.32,2301.01,2158.96,1332.21,16.6737,1.1621,8.10,0.9977
1.10,800,238.49,2309.64,2166.73,1335.17,16.7112,1.1624,8.50,1.0004
1.10,850,238.65,2317.80,2174.07,1337.95,16.7470,1.1626,8.90,1.0022
1.10,900,238.79,2325.54,2181.03,1340.59,16.7810,1.1628,9.30,1.0032
1.10,950,238.93,2332.89,2187.65,1343.09,16.8136,1.1630,9.70,1.0036
1.10,1000,239.07,2339.91,2193.95,1345.47,16.8448,1.1632,10.00,1.0161
1.20,100,235.16,2101.81,1973.37,1267.97,16.0816,1.1605,1.90,0.9591
1.20,150,236.27,2145.98,2013.71,1283.90,16.2220,1.1621,2.40,1.0171
1.20,200,237.06,2178.71,2043.50,1295.57,16.3326,1.1632,3.00,0.9890
1.20,250,237.66,2204.91,2067.29,1304.82,16.4249,1.1641,3.50,0.9997
1.20,300,238.16,2226.85,2087.17,1312.51,16.5047,1.1648,4.00,1.0012
1.20,350,238.58,2245.76,2104.30,1319.11,16.5752,1.1654,4.50,0.9978
1.20,400,238.94,2262.41,2119.36,1324.89,16.6386,1.1659,5.00,0.9918
1.20,450,239.26,2277.32,2132.83,1330.03,16.6963,1.1664,5.40,1.0081
1.20,500,239.55,2290.81,2145.03,1334.68,16.7494,1.1668,5.90,0.9976
1.20,550,239.81,2303.16,2156.17,1338.91,16.7985,1.1671,6.30,1.0074
1.20,600,240.04,2314.54,2166.45,1342.81,16.8444,1.1674,6.80,0.9955
1.20,650,240.26,2325.11,2175.98,1346.41,16.8874,1.1677,7.20,1.0016
1.20,700,240.46,2334.97,2184.87,1349.76,16.9279,1.1680,7.60,1.0061
1.20,750,240.65,2344.21,2193.21,1352.90,16.9662,1.1682,8.10,0.9934
1.20,800,240.82,2352.92,2201.07,1355.85,17.0025,1.1684,8.50,0.9961
1.20,850,240.98,2361.16,2208.49,1358.63,17.0372,1.1686,8.90,0.9979
1.20,900,241.14,2368.97,2215.53,1361.26,17.0702,1.1688,9.30,0.9990
1.20,950,241.28,2376.40,2222.22,1363.76,17.1018,1.1690,9.70,0.9994
1.20,1000,241.42,2383.48,2228.61,1366.14,17.1322,1.1692,10.00,1.0119
1.30,100,237.16,2148.33,2007.23,1287.01,16.4214,1.1689,1.80,1.0363
1.30,150,238.29,2191.60,2047.37,1302.84,16.5512,1.1700,2.40,1.0115
1.30,200,239.09,2223.84,2077.08,1314.43,16.6544,1.1708,3.00,0.9836
1.30,250,239.71,2249.73,2100.84,1323.63,16.7410,1.1715,3.50,0.9943
1.30,300,240.22,2271.45,2120.73,1331.28,16.8162,1.1721,4.00,0.9957
1.30,350,240.65,2290.23,2137.88,1337.84,16.8830,1.1725,4.50,0.9924
1.30,400,241.02,2306.78,2152.97,1343.59,16.9432,1.1730,4.90,1.0129
1.30,450,241.35,2321.62,2166.48,1348.72,16.9982,1.1733,5.40,1.0027
1.30,500,241.64,2335.07,2178.72,1353.35,17.0488,1.1737,5.90,0.9924
1.30,550,241.91,2347.38,2189.91,1357.57,17.0959,1.1739,6.30,1.0022
1.30,600,242.15,2358.75,2200.23,1361.45,17.1398,1.1742,6.70,1.0093
1.30,650,242.37,2369.31,2209.82,1365.04,17.1811,1.1745,7.20,0.9965
1.30,700,242.58,2379.17,2218.76,1368.38,17.2201,1.1747,7.60,1.0010
1.30,750,242.77,2388.42,2227.15,1371.52,17.2570,1.1749,8.00,1.0041
1.30,800,242.95,2397.14,2235.05,1374.46,17.2921,1.1751,8.40,1.0061
1.30,850,243.11,2405.39,2242.53,1377.24,17.3255,1.1752,8.90,0.9930
1.30,900,243.27,2413.22,2249.62,1379.87,17.3575,1.1754,9.30,0.9941
1.30,950,243.42,2420.67,2256.36,1382.36,17.3881,1.1756,9.70,0.9945
1.30,1000,243.56,2427.78,2262.80,1384.74,17.4175,1.1757,10.00,1.0070
1.40,100,239.02,2199.76,2042.61,1303.85,16.7581,1.1790,1.80,1.0298
1.40,150,240.16,2241.31,2082.22,1319.67,16.8777,1.1793,2.40,1.0051
1.40,200,240.97,2272.52,2111.64,1331.25,16.9736,1.1797,3.00,0.9774
1.40,250,241.61,2297.72,2135.21,1340.43,17.0546,1.1800,3.50,0.9881
1.40,300,242.12,2318.95,2154.98,1348.07,17.1253,1.1803,4.00,0.9897
1.40,350,242.56,2337.35,2172.04,1354.62,17.1883,1.1806,4.50,0.9864
1.40,400,242.94,2353.62,2187.09,1360.36,17.2454,1.1809,4.90,1.0068
1.40,450,243.27,2368.22,2200.56,1365.47,17.2976,1.1811,5.40,0.9968
1.40,500,243.57,2381.48,2212.77,1370.09,17.3458,1.1814,5.80,1.0086
1.40,550,243.84,2393.64,2223.95,1374.31,17.3907,1.1816,6.30,0.9964
1.40,600,244.09,2404.88,2234.27,1378.18,17.4327,1.1817,6.70,1.0035
1.40,650,244.31,2415.33,2243.85,1381.77,17.4723,1.1819,7.10,1.0086
1.40,700,244.52,2425.10,2252.80,1385.11,17.5097,1.1821,7.60,0.9953
1.40,750,244.72,2434.27,2261.20,1388.24,17.5452,1.1822,8.00,0.9984
1.40,800,244.90,2442.93,2269.11,1391.18,17.5789,1.1823,8.40,1.0005
1.40,850,245.07,2451.13,2276.60,1393.96,17.6112,1.1825,8.80,1.0017
1.40,900,245.23,2458.91,2283.71,1396.59,17.6420,1.1826,9.20,1.0021
1.40,950,245.38,2466.32,2290.47,1399.09,17.6716,1.1827,9.60,1.0021
1.40,1000,245.53,2473.39,2296.92,1401.47,17.7000,1.1828,10.00,1.0015
1.50,100,240.76,2257.56,2080.18,1318.67,17.0912,1.1911,1.80,1.0223
1.50,150,241.91,2296.30,2118.85,1334.57,17.2008,1.1903,2.40,0.9979
1.50,200,242.73,2325.82,2147.70,1346.19,17.2896,1.1900,2.90,1.0172
1.50,250,243.37,2349.85,2170.90,1355.39,17.3652,1.1898,3.50,0.9813
1.50,300,243.90,2370.22,2190.39,1363.04,17.4314,1.1898,3.90,1.0167
1.50,350,244.34,2388.37,2207.24,1369.60,17.4907,1.1898,4.40,1.0093
1.50,400,244.72,2404.51,2222.13,1375.34,17.5446,1.1899,4.90,1.0002
1.50,450,245.06,2419.06,2235.48,1380.47,17.5940,1.1899,5.40,0.9903
1.50,500,245.36,2432.32,2247.59,1385.09,17.6398,1.1900,5.80,1.0021
1.50,550,245.64,2444.50,2258.69,1389.31,17.6825,1.1900,6.30,0.9900
1.50,600,245.89,2455.79,2268.94,1393.19,17.7226,1.1901,6.70,0.9972
1.50,650,246.12,2466.31,2278.47,1396.78,17.7604,1.1901,7.10,1.0024
1.50,700,246.33,2476.17,2287.37,1400.13,17.7962,1.1902,7.50,1.0060
1.50,750,246.53,2485.44,2295.74,1403.26,17.8302,1.1903,8.00,0.9924
1.50,800,246.72,2494.20,2303.62,1406.21,17.8627,1.1903,8.40,0.9945
1.50,850,246.89,2502.50,2311.09,1408.99,17.8937,1.1904,8.80,0.9957
1.50,900,247.05,2510.40,2318.18,1411.62,17.9233,1.1904,9.20,0.9963
1.50,950,247.21,2517.93,2324.92,1414.12,17.9519,1.1905,9.60,0.9962
1.50,1000,247.35,2525.12,2331.37,1416.51,17.9793,1.1905,10.00,0.9958
1.60,100,242.52,2371.13,2126.93,1331.33,17.3397,1.2380,1.80,1.0120
1.60,150,243.65,2396.78,2162.24,1347.46,17.4432,1.2315,2.40,0.9894
1.60,200,244.46,2419.04,2189.42,1359.18,17.5248,1.2280,2.90,1.0091
1.60,250,245.10,2438.47,2211.67,1368.45,17.5929,1.2258,3.40,1.0128
1.60,300,245.62,2455.66,2230.57,1376.14,17.6514,1.2243,3.90,1.0091
1.60,350,246.07,2471.07,2247.05,1382.72,17.7031,1.2232,4.40,1.0018
1.60,400,246.46,2485.04,2261.70,1388.48,17.7493,1.2223,4.90,0.9928
1.60,450,246.80,2497.82,2274.89,1393.62,17.7914,1.2217,5.30,1.0072
1.60,500,247.10,2509.62,2286.91,1398.25,17.8299,1.2211,5.80,0.9948
1.60,550,247.38,2520.57,2297.96,1402.47,17.8656,1.2207,6.20,1.0033
1.60,600,247.64,2530.80,2308.19,1406.35,17.8988,1.2203,6.60,1.0092
1.60,650,247.87,2540.39,2317.72,1409.94,17.9299,1.2200,7.10,0.9951
1.60,700,248.09,2549.44,2326.65,1413.28,17.9591,1.2197,7.50,0.9986
1.60,750,248.29,2558.00,2335.05,1416.41,17.9868,1.2195,7.90,1.0009
1.60,800,248.48,2566.12,2342.99,1419.35,18.0130,1.2193,8.30,1.0022
1.60,850,248.65,2573.85,2350.51,1422.13,18.0380,1.2191,8.70,1.0027
1.60,900,248.82,2581.23,2357.66,1424.76,18.0618,1.2189,9.10,1.0026
1.60,950,248.98,2588.29,2364.48,1427.25,18.0846,1.2188,9.50,1.0019
1.60,1000,249.13,2595.06,2370.99,1429.63,18.1064,1.2187,9.90,1.0009
1.70,100,244.72,2557.45,2233.67,1339.56,17.4885,1.2851,1.80,0.9734
1.70,150,245.73,2563.64,2255.27,1356.39,17.5449,1.2706,2.30,1.0212
1.70,200,246.47,2571.08,2274.38,1368.53,17.5977,1.2613,2.90,0.9840
1.70,250,247.07,2579.18,2291.25,1378.07,17.6460,1.2551,3.40,0.9901
1.70,300,247.56,2587.57,2306.29,1385.94,17.6901,1.2506,3.90,0.9882
1.70,350,247.99,2595.98,2319.84,1392.67,17.7305,1.2473,4.30,1.0124
1.70,400,248.36,2604.28,2332.17,1398.54,17.7679,1.2447,4.80,1.0009
1.70,450,248.69,2612.39,2343.49,1403.77,17.8026,1.2426,5.30,0.9891
1.70,500,248.98,2620.26,2353.95,1408.47,17.8349,1.2409,5.70,0.9996
1.70,550,249.25,2627.87,2363.68,1412.75,17.8653,1.2395,6.10,1.0070
1.70,600,249.50,2635.22,2372.78,1416.69,17.8939,1.2383,6.60,0.9925
1.70,650,249.73,2642.31,2381.34,1420.32,17.9209,1.2373,7.00,0.9968
1.70,700,249.94,2649.16,2389.40,1423.71,17.9466,1.2364,7.40,0.9996
1.70,750,250.14,2655.76,2397.04,1426.87,17.9710,1.2356,7.80,1.0013
1.70,800,250.33,2662.14,2404.29,1429.85,17.9944,1.2349,8.20,1.0020
1.70,850,250.50,2668.31,2411.20,1432.65,18.0167,1.2343,8.60,1.0020
1.70,900,250.67,2674.27,2417.79,1435.30,18.0381,1.2338,9.00,1.0014
1.70,950,250.82,2680.05,2424.11,1437.82,18.0586,1.2333,9.40,1.0003
1.70,1000,250.97,2685.64,2430.16,1440.22,18.0784,1.2328,9.80,0.9988
1.80,100,247.37,2764.03,2394.41,1343.81,17.8040,1.3097,1.70,1.0009
1.80,150,248.21,2765.06,2399.95,1361.48,17.8175,1.3041,2.30,0.9714
1.80,200,248.85,2766.44,2406.55,1374.25,17.8340,1.2981,2.80,0.9905
1.80,250,249.36,2768.14,2413.73,1384.26,17.8526,1.2923,3.30,0.9938
1.80,300,249.79,2770.12,2421.13,1392.51,17.8722,1.2869,3.80,0.9897
1.80,350,250.16,2772.36,2428.55,1399.54,17.8923,1.2822,4.20,1.0131
1.80,400,250.49,2774.82,2435.85,1405.66,17.9126,1.2780,4.70,1.0002
1.80,450,250.79,2777.47,2442.98,1411.09,17.9328,1.2744,5.10,1.0124
1.80,500,251.06,2780.28,2449.90,1415.96,17.9528,1.2712,5.60,0.9972
1.80,550,251.30,2783.22,2456.60,1420.39,17.9723,1.2683,6.00,1.0041
1.80,600,251.53,2786.26,2463.08,1424.45,17.9915,1.2659,6.40,1.0086
1.80,650,251.74,2789.39,2469.33,1428.20,18.0102,1.2637,6.90,0.9927
1.80,700,251.94,2792.57,2475.36,1431.68,18.0284,1.2617,7.30,0.9952
1.80,750,252.12,2795.81,2481.19,1434.93,18.0461,1.2600,7.70,0.9965
1.80,800,252.29,2799.08,2486.82,1437.98,18.0634,1.2584,8.10,0.9969
1.80,850,252.46,2802.36,2492.27,1440.85,18.0803,1.2570,8.50,0.9966
1.80,900,252.61,2805.66,2497.54,1443.57,18.0967,1.2558,8.90,0.9957
1.80,950,252.76,2808.96,2502.64,1446.15,18.1126,1.2546,9.30,0.9944
1.80,1000,252.90,2812.25,2507.59,1448.60,18.1282,1.2535,9.60,1.0057
1.90,100,250.23,2963.03,2570.75,1345.75,18.1672,1.3074,1.70,0.9652
1.90,150,250.96,2963.31,2571.72,1363.90,18.1698,1.3066,2.20,0.9786
1.90,200,251.50,2963.64,2573.02,1377.06,18.1734,1.3055,2.70,0.9866
1.90,250,251.94,2964.04,2574.62,1387.43,18.1777,1.3041,3.20,0.9860
1.90,300,252.30,2964.51,2576.49,1395.99,18.1827,1.3026,3.60,1.0159
1.90,350,252.62,2965.04,2578.60,1403.30,18.1884,1.3009,4.10,1.0019
1.90,400,252.90,2965.64,2580.91,1409.68,18.1946,1.2992,4.60,0.9880
1.90,450,253.16,2966.30,2583.38,1415.34,18.2014,1.2973,5.00,0.9999
1.90,500,253.39,2967.03,2585.99,1420.43,18.2085,1.2955,5.40,1.0078
1.90,550,253.60,2967.81,2588.70,1425.05,18.2161,1.2936,5.90,0.9910
1.90,600,253.80,2968.65,2591.51,1429.28,18.2239,1.2918,6.30,0.9955
1.90,650,253.98,2969.55,2594.38,1433.19,18.2320,1.2899,6.70,0.9982
1.90,700,254.15,2970.49,2597.30,1436.82,18.2403,1.2882,7.10,0.9996
1.90,750,254.31,2971.49,2600.25,1440.21,18.2488,1.2865,7.50,1.0000
1.90,800,254.47,2972.54,2603.23,1443.39,18.2574,1.2848,7.90,0.9996
1.90,850,254.61,2973.63,2606.21,1446.38,18.2661,1.2833,8.30,0.9985
1.90,900,254.75,2974.76,2609.20,1449.21,18.2749,1.2818,8.70,0.9970
1.90,950,254.88,2975.93,2612.18,1451.89,18.2837,1.2803,9.10,0.9951
1.90,1000,255.01,2977.13,2615.15,1454.43,18.2925,1.2789,9.40,1.0061
2.00,100,253.17,3151.99,2741.81,1346.33,18.5281,1.3016,1.70,0.9530
2.00,150,253.79,3152.18,2742.03,1364.82,18.5289,1.3015,2.10,1.0169
2.00,200,254.26,3152.35,2742.33,1378.24,18.5299,1.3013,2.60,0.9936
2.00,250,254.64,3152.52,2742.69,1388.83,18.5310,1.3011,3.00,1.0208
2.00,300,254.96,3152.69,2743.13,1397.58,18.5324,1.3008,3.50,1.0034
2.00,350,255.24,3152.87,2743.63,1405.07,18.5339,1.3005,4.00,0.9870
2.00,400,255.48,3153.07,2744.19,1411.60,18.5356,1.3001,4.40,1.0002
2.00,450,255.70,3153.28,2744.81,1417.41,18.5375,1.2997,4.80,1.0086
2.00,500,255.90,3153.51,2745.50,1422.64,18.5395,1.2993,5.30,0.9893
2.00,550,256.08,3153.75,2746.24,1427.40,18.5418,1.2988,5.70,0.9938
2.00,600,256.25,3154.01,2747.04,1431.76,18.5441,1.2983,6.10,0.9964
2.00,650,256.41,3154.29,2747.89,1435.80,18.5466,1.2977,6.50,0.9976
2.00,700,256.56,3154.58,2748.79,1439.55,18.5493,1.2971,6.90,0.9976
2.00,750,256.70,3154.88,2749.73,1443.05,18.5521,1.2965,7.30,0.9969
2.00,800,256.83,3155.21,2750.72,1446.33,18.5550,1.2959,7.70,0.9955
2.00,850,256.96,3155.55,2751.75,1449.43,18.5581,1.2953,8.10,0.9937
2.00,900,257.07,3155.90,2752.82,1452.36,18.5612,1.2946,8.40,1.0062
2.00,950,257.19,3156.27,2753.92,1455.13,18.5645,1.2940,8.80,1.0030
2.00,1000,257.30,3156.65,2755.05,1457.77,18.5679,1.2933,9.20,0.9996
2.10,100,256.10,3331.34,2905.27,1345.97,18.8803,1.2960,1.70,0.9548
2.10,150,256.65,3331.63,2905.36,1364.72,18.8806,1.2960,2.10,1.0045
2.10,200,257.05,3331.82,2905.46,1378.34,18.8810,1.2960,2.50,1.0254
2.10,250,257.38,3331.98,2905.58,1389.09,18.8815,1.2959,3.00,0.9883
2.10,300,257.66,3332.11,2905.71,1397.99,18.8820,1.2959,3.40,1.0008
2.10,350,257.90,3332.23,2905.86,1405.60,18.8826,1.2958,3.80,1.0076
2.10,400,258.11,3332.35,2906.03,1412.25,18.8832,1.2958,4.20,1.0148
2.10,450,258.30,3332.46,2906.21,1418.16,18.8838,1.2957,4.70,0.9912
2.10,500,258.47,3332.58,2906.41,1423.49,18.8845,1.2956,5.10,0.9952
2.10,550,258.63,3332.69,2906.63,1428.34,18.8853,1.2955,5.50,0.9970
2.10,600,258.78,3332.81,2906.86,1432.79,18.8861,1.2954,5.90,0.9972
2.10,650,258.92,3332.93,2907.11,1436.90,18.8869,1.2952,6.30,0.9964
2.10,700,259.05,3333.05,2907.37,1440.73,18.8878,1.2951,6.70,0.9948
2.10,750,259.17,3333.18,2907.66,1444.30,18.8888,1.2950,7.10,0.9926
2.10,800,259.29,3333.31,2907.95,1447.66,18.8898,1.2948,7.40,1.0067
2.10,850,259.39,3333.45,2908.27,1450.83,18.8908,1.2946,7.80,1.0028
2.10,900,259.50,3333.59,2908.59,1453.82,18.8919,1.2945,8.20,0.9987
2.10,950,259.60,3333.73,2908.94,1456.66,18.8930,1.2943,8.60,0.9946
2.10,1000,259.69,3333.88,2909.29,1459.36,18.8942,1.2941,8.90,1.0043
2.20,100,259.00,3501.63,3061.40,1344.89,19.2229,1.2906,1.70,0.9593
2.20,150,259.47,3502.14,3061.48,1363.85,19.2232,1.2907,2.10,1.0058
2.20,200,259.82,3502.46,3061.54,1377.64,19.2234,1.2908,2.50,1.0161
2.20,250,260.11,3502.69,3061.61,1388.52,19.2237,1.2908,2.90,1.0172
2.20,300,260.34,3502.87,3061.67,1397.54,19.2240,1.2908,3.30,1.0167
2.20,350,260.55,3503.02,3061.74,1405.24,19.2243,1.2908,3.70,1.0150
2.20,400,260.74,3503.15,3061.81,1411.98,19.2246,1.2908,4.10,1.0121
2.20,450,260.90,3503.26,3061.88,1417.98,19.2249,1.2908,4.50,1.0083
2.20,500,261.06,3503.37,3061.96,1423.38,19.2252,1.2908,4.90,1.0038
2.20,550,261.19,3503.47,3062.04,1428.30,19.2256,1.2908,5.30,1.0025
2.20,600,261.32,3503.56,3062.13,1432.81,19.2259,1.2908,5.70,1.0001
2.20,650,261.44,3503.65,3062.22,1436.99,19.2263,1.2907,6.10,0.9970
2.20,700,261.56,3503.74,3062.32,1440.88,19.2267,1.2907,6.50,0.9935
2.20,750,261.66,3503.82,3062.42,1444.51,19.2271,1.2907,6.80,1.0079
2.20,800,261.76,3503.91,3062.53,1447.92,19.2275,1.2906,7.20,1.0026
2.20,850,261.86,3503.99,3062.64,1451.14,19.2279,1.2906,7.60,0.9974
2.20,900,261.95,3504.07,3062.76,1454.18,19.2284,1.2906,7.90,1.0078
2.20,950,262.04,3504.15,3062.88,1457.07,19.2289,1.2905,8.30,1.0018
2.20,1000,262.12,3504.24,3063.01,1459.82,19.2293,1.2905,8.70,0.9959
2.30,100,261.85,3663.29,3210.67,1343.27,19.5561,1.2854,1.70,0.9640
2.30,150,262.24,3664.18,3210.78,1362.42,19.5564,1.2856,2.10,1.0106
2.30,200,262.55,3664.73,3210.86,1376.33,19.5567,1.2858,2.50,1.0180
2.30,250,262.79,3665.11,3210.92,1387.33,19.5569,1.2859,2.90,1.0120
2.30,300,263.00,3665.40,3210.97,1396.43,19.5571,1.2859,3.30,1.0031
2.30,350,263.18,3665.63,3211.03,1404.22,19.5573,1.2860,3.70,0.9952
2.30,400,263.34,3665.82,3211.07,1411.04,19.5575,1.2860,4.10,0.9886
2.30,450,263.48,3665.98,3211.12,1417.10,19.5577,1.2860,4.40,1.0129
2.30,500,263.61,3666.12,3211.17,1422.56,19.5580,1.2860,4.80,1.0040
2.30,550,263.73,3666.25,3211.22,1427.54,19.5582,1.2861,5.20,0.9956
2.30,600,263.85,3666.36,3211.26,1432.10,19.5584,1.2861,5.50,1.0114
2.30,650,263.95,3666.47,3211.31,1436.33,19.5586,1.2861,5.90,1.0019
2.30,700,264.05,3666.57,3211.36,1440.26,19.5588,1.2861,6.30,0.9944
2.30,750,264.14,3666.66,3211.41,1443.94,19.5590,1.2861,6.60,1.0075
2.30,800,264.23,3666.74,3211.46,1447.39,19.5593,1.2861,7.00,1.0005
2.30,850,264.31,3666.82,3211.52,1450.65,19.5595,1.2861,7.40,0.9938
2.30,900,264.39,3666.90,3211.57,1453.73,19.5598,1.2861,7.70,1.0032
2.30,950,264.47,3666.98,3211.63,1456.66,19.5600,1.2861,8.10,0.9960
2.30,1000,264.54,3667.05,3211.68,1459.44,19.5603,1.2860,8.40,1.0037
2.40,100,264.61,3816.63,3353.47,1341.26,19.8802,1.2804,1.70,0.9685
2.40,150,264.95,3818.12,3353.67,1360.54,19.8806,1.2807,2.10,1.0158
2.40,200,265.21,3819.01,3353.79,1374.57,19.8809,1.2810,2.50,1.0230
2.40,250,265.42,3819.63,3353.88,1385.65,19.8812,1.2811,2.90,1.0150
2.40,300,265.59,3820.09,3353.95,1394.83,19.8814,1.2812,3.30,1.0016
2.40,350,265.75,3820.46,3354.02,1402.69,19.8816,1.2813,3.70,0.9876
2.40,400,265.89,3820.75,3354.07,1409.56,19.8818,1.2814,4.00,1.0102
2.40,450,266.01,3821.00,3354.12,1415.68,19.8819,1.2814,4.40,0.9958
2.40,500,266.13,3821.22,3354.16,1421.19,19.8821,1.2815,4.70,1.0125
2.40,550,266.23,3821.41,3354.20,1426.21,19.8823,1.2815,5.10,0.9993
2.40,600,266.33,3821.57,3354.24,1430.82,19.8824,1.2815,5.40,1.0122
2.40,650,266.42,3821.72,3354.28,1435.09,19.8826,1.2815,5.80,0.9998
2.40,700,266.50,3821.86,3354.32,1439.06,19.8828,1.2816,6.10,1.0098
2.40,750,266.59,3821.98,3354.36,1442.77,19.8829,1.2816,6.50,0.9979
2.40,800,266.66,3822.10,3354.39,1446.26,19.8831,1.2816,6.80,1.0059
2.40,850,266.73,3822.20,3354.43,1449.56,19.8833,1.2816,7.20,0.9946
2.40,900,266.80,3822.30,3354.47,1452.67,19.8834,1.2816,7.50,1.0011
2.40,950,266.87,3822.39,3354.50,1455.63,19.8836,1.2816,7.90,0.9922
2.40,1000,266.93,3822.48,3354.54,1458.44,19.8838,1.2817,8.20,0.9990
2.50,100,267.29,3961.92,3490.14,1338.93,20.1953,1.2753,1.70,0.9729
2.50,150,267.57,3964.23,3490.49,1358.33,20.1959,1.2759,2.10,1.0209
2.50,200,267.79,3965.62,3490.70,1372.44,20.1963,1.2762,2.50,1.0285
2.50,250,267.97,3966.58,3490.84,1383.59,20.1966,1.2765,2.90,1.0202
2.50,300,268.12,3967.29,3490.96,1392.84,20.1969,1.2766,3.30,1.0056
2.50,350,268.26,3967.86,3491.05,1400.75,20.1971,1.2768,3.70,0.9889
2.50,400,268.37,3968.31,3491.12,1407.67,20.1973,1.2769,4.00,1.0083
2.50,450,268.48,3968.69,3491.19,1413.83,20.1975,1.2770,4.40,0.9891
2.50,500,268.58,3969.02,3491.25,1419.39,20.1977,1.2770,4.70,1.0021
2.50,550,268.67,3969.30,3491.30,1424.45,20.1978,1.2771,5.00,1.0127
2.50,600,268.75,3969.55,3491.35,1429.10,20.1980,1.2772,5.40,0.9957
2.50,650,268.83,3969.77,3491.39,1433.40,20.1981,1.2772,5.70,1.0045
2.50,700,268.91,3969.97,3491.43,1437.40,20.1983,1.2772,6.10,0.9899
2.50,750,268.98,3970.15,3491.47,1441.14,20.1984,1.2773,6.40,0.9972
2.50,800,269.04,3970.31,3491.51,1444.66,20.1986,1.2773,6.70,1.0034
2.50,850,269.11,3970.46,3491.55,1447.98,20.1987,1.2773,7.00,1.0086
2.50,900,269.17,3970.60,3491.58,1451.12,20.1988,1.2774,7.40,0.9953
2.50,950,269.22,3970.73,3491.61,1454.10,20.1990,1.2774,7.70,0.9997
2.50,1000,269.28,3970.85,3491.65,1456.94,20.1991,1.2774,8.00,1.0034
2.60,100,269.88,4099.36,3620.93,1336.36,20.5015,1.2703,1.70,0.9772
2.60,150,270.12,4102.75,3621.52,1355.85,20.5024,1.2711,2.10,1.0260
2.60,200,270.30,4104.81,3621.87,1370.04,20.5031,1.2716,2.60,0.9721
2.60,250,270.45,4106.23,3622.11,1381.25,20.5035,1.2719,2.90,1.0257
2.60,300,270.58,4107.29,3622.29,1390.54,20.5039,1.2721,3.30,1.0109
2.60,350,270.69,4108.12,3622.43,1398.50,20.5042,1.2723,3.70,0.9936
2.60,400,270.79,4108.79,3622.55,1405.46,20.5044,1.2725,4.00,1.0119
2.60,450,270.88,4109.35,3622.65,1411.66,20.5046,1.2726,4.40,0.9905
2.60,500,270.97,4109.83,3622.74,1417.25,20.5048,1.2727,4.70,1.0009
2.60,550,271.04,4110.24,3622.81,1422.34,20.5050,1.2728,5.00,1.0085
2.60,600,271.12,4110.61,3622.88,1427.02,20.5052,1.2729,5.40,0.9881
2.60,650,271.18,4110.93,3622.94,1431.35,20.5053,1.2730,5.70,0.9942
2.60,700,271.25,4111.22,3622.99,1435.37,20.5055,1.2730,6.00,0.9993
2.60,750,271.31,4111.48,3623.05,1439.14,20.5056,1.2731,6.30,1.0035
2.60,800,271.36,4111.72,3623.09,1442.69,20.5058,1.2731,6.60,1.0072
2.60,850,271.42,4111.93,3623.14,1446.03,20.5059,1.2732,7.00,0.9911
2.60,900,271.47,4112.13,3623.18,1449.19,20.5061,1.2732,7.30,0.9945
2.60,950,271.52,4112.32,3623.22,1452.19,20.5062,1.2733,7.60,0.9974
2.60,1000,271.57,4112.49,3623.26,1455.05,20.5063,1.2733,7.90,0.9997
2.70,100,272.37,4229.11,3746.07,1333.62,20.7989,1.2651,1.70,0.9814
2.70,150,272.57,4233.89,3746.99,1353.18,20.8004,1.2662,2.10,1.0309
2.70,200,272.72,4236.80,3747.56,1367.42,20.8013,1.2669,2.60,0.9772
2.70,250,272.85,4238.81,3747.94,1378.68,20.8020,1.2673,3.00,0.9790
2.70,300,272.95,4240.32,3748.22,1388.01,20.8025,1.2677,3.30,1.0165
2.70,350,273.05,4241.49,3748.44,1396.00,20.8029,1.2679,3.70,0.9990
2.70,400,273.13,4242.45,3748.62,1403.00,20.8032,1.2682,4.00,1.0172
2.70,450,273.21,4243.25,3748.77,1409.23,20.8035,1.2683,4.40,0.9950
2.70,500,273.28,4243.93,3748.90,1414.84,20.8037,1.2685,4.70,1.0046
2.70,550,273.35,4244.52,3749.01,1419.96,20.8040,1.2686,5.00,1.0109
2.70,600,273.41,4245.03,3749.11,1424.66,20.8042,1.2687,5.40,0.9882
2.70,650,273.47,4245.49,3749.20,1429.01,20.8044,1.2688,5.70,0.9922
2.70,700,273.52,4245.89,3749.28,1433.06,20.8046,1.2689,6.00,0.9949
2.70,750,273.57,4246.26,3749.35,1436.85,20.8047,1.2690,6.30,0.9970
2.70,800,273.62,4246.60,3749.42,1440.41,20.8049,1.2691,6.60,0.9985
2.70,850,273.67,4246.90,3749.48,1443.77,20.8050,1.2691,6.90,0.9996
2.70,900,273.71,4247.18,3749.54,1446.95,20.8052,1.2692,7.20,1.0005
2.70,950,273.75,4247.44,3749.59,1449.97,20.8053,1.2693,7.50,1.0012
2.70,1000,273.80,4247.69,3749.64,1452.85,20.8055,1.2693,7.80,1.0017
2.80,100,274.77,4351.37,3865.72,1330.74,21.0877,1.2597,1.70,0.9857
2.80,150,274.93,4357.83,3867.11,1350.35,21.0899,1.2612,2.10,1.0359
2.80,200,275.06,4361.79,3867.95,1364.64,21.0912,1.2621,2.60,0.9822
2.80,250,275.16,4364.53,3868.53,1375.93,21.0921,1.2627,3.00,0.9843
2.80,300,275.25,4366.59,3868.97,1385.30,21.0928,1.2632,3.30,1.0220
2.80,350,275.33,4368.21,3869.30,1393.32,21.0934,1.2635,3.70,1.0045
2.80,400,275.40,4369.52,3869.57,1400.34,21.0939,1.2638,4.10,0.9863
2.80,450,275.46,4370.61,3869.80,1406.59,21.0943,1.2641,4.40,1.0004
2.80,500,275.52,4371.54,3869.99,1412.23,21.0946,1.2643,4.70,1.0098
2.80,550,275.58,4372.35,3870.15,1417.36,21.0949,1.2644,5.10,0.9872
2.80,600,275.63,4373.06,3870.30,1422.08,21.0952,1.2646,5.40,0.9922
2.80,650,275.68,4373.68,3870.43,1426.45,21.0954,1.2647,5.70,0.9952
2.80,700,275.72,4374.25,3870.54,1430.52,21.0956,1.2649,6.00,0.9968
2.80,750,275.77,4374.75,3870.65,1434.33,21.0959,1.2650,6.30,0.9973
2.80,800,275.81,4375.21,3870.75,1437.90,21.0960,1.2651,6.60,0.9971
2.80,850,275.85,4375.63,3870.83,1441.28,21.0962,1.2652,6.90,0.9965
2.80,900,275.89,4376.01,3870.91,1444.47,21.0964,1.2652,7.20,0.9956
2.80,950,275.92,4376.37,3870.99,1447.51,21.0966,1.2653,7.50,0.9946
2.80,1000,275.96,4376.70,3871.06,1450.40,21.0967,1.2654,7.80,0.9935
2.90,100,277.08,4466.31,3979.99,1327.76,21.3679,1.2542,1.70,0.9901
2.90,150,277.21,4474.75,3982.02,1347.41,21.3710,1.2561,2.20,0.9652
2.90,200,277.31,4479.95,3983.24,1361.73,21.3729,1.2572,2.60,0.9873
2.90,250,277.39,4483.58,3984.08,1373.05,21.3742,1.2580,3.00,0.9895
2.90,300,277.46,4486.30,3984.70,1382.44,21.3751,1.2586,3.40,0.9824
2.90,350,277.53,4488.44,3985.19,1390.48,21.3759,1.2591,3.70,1.0101
2.90,400,277.59,4490.19,3985.58,1397.52,21.3766,1.2595,4.10,0.9918
2.90,450,277.64,4491.64,3985.93,1403.79,21.3771,1.2598,4.40,1.0060
2.90,500,277.69,4492.89,3986.20,1409.44,21.3776,1.2601,4.80,0.9849
2.90,550,277.73,4493.96,3986.44,1414.59,21.3780,1.2603,5.10,0.9925
2.90,600,277.78,4494.90,3986.65,1419.33,21.3783,1.2605,5.40,0.9974
2.90,650,277.82,4495.74,3986.84,1423.71,21.3786,1.2607,5.70,1.0001
2.90,700,277.86,4496.49,3987.00,1427.79,21.3789,1.2608,6.00,1.0013
2.90,750,277.89,4497.16,3987.15,1431.61,21.3792,1.2610,6.30,1.0012
2.90,800,277.93,4497.77,3987.29,1435.20,21.3795,1.2611,6.60,1.0003
2.90,850,277.96,4498.33,3987.41,1438.59,21.3797,1.2612,6.90,0.9987
2.90,900,277.99,4498.85,3987.53,1441.80,21.3799,1.2613,7.20,0.9967
2.90,950,278.02,4499.32,3987.63,1444.84,21.3801,1.2614,7.50,0.9944
2.90,1000,278.05,4499.76,3987.73,1447.74,21.3803,1.2615,7.80,0.9919
3.00,100,279.30,4574.10,4088.99,1324.71,21.6395,1.2486,1.70,0.9945
3.00,150,279.40,4584.81,4091.85,1344.38,21.6438,1.2509,2.20,0.9699
3.00,200,279.48,4591.46,4093.57,1358.72,21.6464,1.2523,2.60,0.9923
3.00,250,279.54,4596.11,4094.75,1370.05,21.6482,1.2533,3.00,0.9947
3.00,300,279.60,4599.62,4095.62,1379.46,21.6495,1.2540,3.40,0.9877
3.00,350,279.65,4602.38,4096.30,1387.52,21.6506,1.2546,3.70,1.0156
3.00,400,279.70,4604.64,4096.86,1394.58,21.6514,1.2551,4.10,0.9973
3.00,450,279.74,4606.52,4097.32,1400.86,21.6521,1.2555,4.40,1.0116
3.00,500,279.78,4608.13,4097.71,1406.53,21.6528,1.2558,4.80,0.9904
3.00,550,279.82,4609.52,4098.04,1411.69,21.6533,1.2561,5.10,0.9981
3.00,600,279.85,4610.75,4098.35,1416.44,21.6538,1.2564,5.40,1.0029
3.00,650,279.89,4611.84,4098.61,1420.83,21.6542,1.2566,5.70,1.0056
3.00,700,279.92,4612.81,4098.85,1424.92,21.6546,1.2568,6.00,1.0067
3.00,750,279.95,4613.69,4099.06,1428.75,21.6549,1.2570,6.30,1.0064
3.00,800,279.98,4614.48,4099.25,1432.35,21.6553,1.2571,6.60,1.0052
3.00,850,280.00,4615.21,4099.42,1435.75,21.6556,1.2573,6.90,1.0033
3.00,900,280.03,4615.88,4099.58,1438.96,21.6558,1.2574,7.20,1.0008
3.00,950,280.06,4616.50,4099.73,1442.02,21.6561,1.2575,7.50,0.9979
3.00,1000,280.08,4617.08,4099.86,1444.93,21.6563,1.2577,7.80,0.9947
3.10,100,281.43,4674.95,4192.81,1321.61,21.9027,1.2428,1.70,0.9990
3.10,150,281.51,4688.19,4196.69,1341.29,21.9084,1.2455,2.20,0.9746
3.10,200,281.56,4696.47,4199.03,1355.64,21.9118,1.2472,2.60,0.9973
3.10,250,281.61,4702.29,4200.64,1366.99,21.9142,1.2484,3.00,0.9999
3.10,300,281.66,4706.69,4201.84,1376.41,21.9160,1.2493,3.40,0.9930
3.10,350,281.70,4710.17,4202.77,1384.47,21.9174,1.2501,3.80,0.9816
3.10,400,281.73,4713.02,4203.53,1391.54,21.9186,1.2506,4.10,1.0028
3.10,450,281.77,4715.40,4204.15,1397.83,21.9195,1.2511,4.50,0.9845
3.10,500,281.80,4717.44,4204.69,1403.50,21.9203,1.2515,4.80,0.9960
3.10,550,281.83,4719.20,4205.15,1408.68,21.9211,1.2519,5.10,1.0037
3.10,600,281.86,4720.76,4205.55,1413.43,21.9217,1.2522,5.40,1.0086
3.10,650,281.88,4722.14,4205.91,1417.83,21.9222,1.2525,5.70,1.0113
3.10,700,281.91,4723.37,4206.22,1421.93,21.9228,1.2527,6.10,0.9888
3.10,750,281.93,4724.49,4206.51,1425.77,21.9232,1.2530,6.40,0.9897
3.10,800,281.96,4725.50,4206.79,1429.38,21.9236,1.2532,6.70,0.9895
3.10,850,281.98,4726.43,4207.02,1432.78,21.9240,1.2533,6.90,1.0086
3.10,900,282.00,4727.29,4207.24,1436.01,21.9244,1.2535,7.20,1.0060
3.10,950,282.02,4728.08,4207.44,1439.07,21.9247,1.2537,7.50,1.0028
3.10,1000,282.04,4728.81,4207.63,1441.98,21.9250,1.2538,7.80,0.9994
3.20,100,283.48,4769.03,4291.52,1330.30,22.1574,1.2368,1.70,1.0037
3.20,150,283.53,4785.05,4296.64,1344.16,22.1647,1.2400,2.20,0.9794
3.20,200,283.57,4795.13,4299.74,1355.37,22.1693,1.2420,2.60,1.0024
3.20,250,283.61,4802.26,4301.88,1364.76,22.1724,1.2435,3.00,1.0052
3.20,300,283.64,4807.67,4303.47,1373.29,22.1747,1.2445,3.40,0.9983
3.20,350,283.67,4811.95,4304.71,1381.36,22.1766,1.2454,3.80,0.9869
3.20,400,283.70,4815.47,4305.72,1388.43,22.1781,1.2461,4.10,1.0083
3.20,450,283.72,4818.42,4306.55,1394.73,22.1793,1.2467,4.50,0.9899
3.20,500,283.75,4820.94,4307.26,1400.41,22.1804,1.2472,4.80,1.0015
3.20,550,283.77,4823.13,4307.88,1405.59,22.1813,1.2476,5.10,1.0093
3.20,600,283.79,4825.07,4308.41,1410.35,22.1822,1.2480,5.50,0.9879
3.20,650,283.81,4826.78,4308.89,1414.75,22.1829,1.2483,5.80,0.9920
3.20,700,283.83,4828.32,4309.31,1418.86,22.1835,1.2486,6.10,0.9943
3.20,750,283.85,4829.71,4309.69,1422.70,22.1841,1.2489,6.40,0.9952
3.20,800,283.87,4830.98,4310.04,1426.31,22.1847,1.2491,6.70,0.9950
3.20,850,283.89,4832.14,4310.35,1429.72,22.1852,1.2494,7.00,0.9939
3.20,900,283.90,4833.21,4310.64,1432.94,22.1856,1.2496,7.30,0.9921
3.20,950,283.92,4834.19,4310.91,1436.01,22.1861,1.2498,7.50,1.0083
3.20,1000,283.93,4835.11,4311.16,1438.93,22.1864,1.2499,7.80,1.0047
3.30,100,285.42,4856.51,4385.16,1351.58,22.4036,1.2307,1.70,1.0086
3.30,150,285.46,4875.52,4391.75,1360.90,22.4130,1.2344,2.20,0.9844
3.30,200,285.49,4887.57,4395.76,1369.46,22.4188,1.2367,2.60,1.0075
3.30,250,285.52,4896.14,4398.53,1377.09,22.4228,1.2384,3.00,1.0104
3.30,300,285.54,4902.66,4400.59,1383.91,22.4258,1.2397,3.40,1.0037
3.30,350,285.56,4907.84,4402.21,1390.05,22.4282,1.2406,3.80,0.9922
3.30,400,285.58,4912.10,4403.52,1395.62,22.4301,1.2415,4.10,1.0138
3.30,450,285.60,4915.69,4404.61,1400.73,22.4317,1.2421,4.50,0.9954
3.30,500,285.62,4918.76,4405.54,1405.43,22.4331,1.2427,4.80,1.0071
3.30,550,285.64,4921.43,4406.34,1409.80,22.4343,1.2432,5.20,0.9870
3.30,600,285.65,4923.79,4407.04,1413.86,22.4353,1.2437,5.50,0.9935
3.30,650,285.67,4925.89,4407.66,1417.67,22.4363,1.2441,5.80,0.9976
3.30,700,285.68,4927.77,4408.21,1421.26,22.4371,1.2444,6.10,0.9999
3.30,750,285.70,4929.48,4408.71,1424.64,22.4378,1.2448,6.40,1.0008
3.30,800,285.71,4931.03,4409.16,1427.85,22.4385,1.2451,6.70,1.0006
3.30,850,285.73,4932.45,4409.58,1430.89,22.4392,1.2453,7.00,0.9994
3.30,900,285.74,4933.76,4409.95,1433.80,22.4397,1.2456,7.30,0.9976
3.30,950,285.75,4934.97,4410.30,1436.57,22.4403,1.2458,7.60,0.9952
3.30,1000,285.76,4936.09,4410.62,1439.23,22.4408,1.2460,7.90,0.9924
3.40,100,287.25,4937.57,4473.77,1380.65,22.6415,1.2246,1.70,1.0137
3.40,150,287.29,4959.75,4482.07,1384.93,22.6532,1.2287,2.20,0.9895
3.40,200,287.31,4973.91,4487.14,1389.96,22.6604,1.2313,2.60,1.0128
3.40,250,287.33,4984.04,4490.66,1395.08,22.6655,1.2332,3.00,1.0158
3.40,300,287.35,4991.77,4493.29,1400.03,22.6692,1.2346,3.40,1.0090
3.40,350,287.37,4997.94,4495.35,1404.75,22.6722,1.2358,3.80,0.9976
3.40,400,287.39,5003.02,4497.03,1409.19,22.6746,1.2367,4.20,0.9840
3.40,450,287.40,5007.30,4498.42,1413.38,22.6767,1.2375,4.50,1.0009
3.40,500,287.41,5010.98,4499.61,1417.32,22.6784,1.2382,4.80,1.0127
3.40,550,287.43,5014.19,4500.63,1421.04,22.6799,1.2388,5.20,0.9925
3.40,600,287.44,5017.02,4501.53,1424.56,22.6812,1.2393,5.50,0.9990
3.40,650,287.45,5019.55,4502.32,1427.89,22.6824,1.2398,5.80,1.0032
3.40,700,287.46,5021.81,4503.03,1431.06,22.6835,1.2402,6.10,1.0055
3.40,750,287.47,5023.87,4503.67,1434.08,22.6844,1.2406,6.40,1.0064
3.40,800,287.48,5025.74,4504.25,1436.96,22.6853,1.2409,6.70,1.0062
3.40,850,287.49,5027.46,4504.77,1439.71,22.6861,1.2412,7.00,1.0050
3.40,900,287.50,5029.04,4505.26,1442.35,22.6868,1.2415,7.30,1.0032
3.40,950,287.51,5030.51,4505.71,1444.87,22.6875,1.2418,7.60,1.0008
3.40,1000,287.52,5031.87,4506.12,1447.30,22.6881,1.2420,7.90,0.9980
3.50,100,288.97,5012.36,4557.39,1414.79,22.8711,1.2183,1.70,1.0190
3.50,150,289.01,5037.86,4567.63,1415.64,22.8854,1.2228,2.20,0.9947
3.50,200,289.04,5054.27,4573.93,1417.51,22.8942,1.2258,2.60,1.0182
3.50,250,289.06,5066.05,4578.32,1419.94,22.9004,1.2279,3.00,1.0212
3.50,300,289.07,5075.09,4581.60,1422.68,22.9051,1.2295,3.40,1.0145
3.50,350,289.09,5082.32,4584.19,1425.55,22.9088,1.2308,3.80,1.0031
3.50,400,289.10,5088.30,4586.28,1428.46,22.9118,1.2319,4.20,0.9894
3.50,450,289.11,5093.34,4588.03,1431.36,22.9143,1.2328,4.50,1.0064
3.50,500,289.12,5097.69,4589.52,1434.21,22.9165,1.2335,4.90,0.9884
3.50,550,289.13,5101.48,4590.81,1436.99,22.9184,1.2342,5.20,0.9980
3.50,600,289.14,5104.84,4591.94,1439.69,22.9200,1.2348,5.50,1.0046
3.50,650,289.15,5107.83,4592.94,1442.32,22.9215,1.2354,5.80,1.0088
3.50,700,289.16,5110.52,4593.83,1444.86,22.9228,1.2358,6.10,1.0111
3.50,750,289.17,5112.97,4594.63,1447.32,22.9239,1.2363,6.50,0.9901
3.50,800,289.17,5115.20,4595.36,1449.70,22.9250,1.2367,6.80,0.9909
3.50,850,289.18,5117.24,4596.03,1452.00,22.9260,1.2370,7.10,0.9907
3.50,900,289.19,5119.13,4596.64,1454.23,22.9269,1.2374,7.30,1.0088
3.50,950,289.20,5120.87,4597.21,1456.39,22.9277,1.2377,7.60,1.0064
3.50,1000,289.20,5122.50,4597.73,1458.48,22.9285,1.2380,7.90,1.0035
3.60,100,290.59,5081.04,4636.01,1450.83,23.0924,1.2119,1.70,1.0245
3.60,150,290.64,5109.98,4648.45,1450.00,23.1095,1.2169,2.20,1.0002
3.60,200,290.67,5128.73,4656.14,1450.06,23.1202,1.2201,2.60,1.0238
3.60,250,290.69,5142.27,4661.52,1450.64,23.1277,1.2224,3.10,0.9772
3.60,300,290.70,5152.70,4665.56,1451.59,23.1334,1.2242,3.40,1.0201
3.60,350,290.72,5161.07,4668.73,1452.78,23.1379,1.2257,3.80,1.0086
3.60,400,290.73,5168.00,4671.32,1454.16,23.1416,1.2269,4.20,0.9949
3.60,450,290.74,5173.87,4673.49,1455.67,23.1447,1.2279,4.50,1.0120
3.60,500,290.75,5178.93,4675.33,1457.26,23.1473,1.2288,4.90,0.9940
3.60,550,290.76,5183.36,4676.92,1458.91,23.1496,1.2295,5.20,1.0036
3.60,600,290.76,5187.29,4678.32,1460.60,23.1516,1.2302,5.50,1.0102
3.60,650,290.77,5190.79,4679.56,1462.31,23.1534,1.2308,5.90,0.9901
3.60,700,290.78,5193.95,4680.67,1464.02,23.1550,1.2314,6.20,0.9937
3.60,750,290.78,5196.82,4681.67,1465.72,23.1565,1.2319,6.50,0.9957
3.60,800,290.79,5199.44,4682.58,1467.42,23.1578,1.2323,6.80,0.9965
3.60,850,290.80,5201.84,4683.41,1469.09,23.1590,1.2327,7.10,0.9963
3.60,900,290.80,5204.06,4684.17,1470.75,23.1601,1.2331,7.40,0.9953
3.60,950,290.81,5206.12,4684.87,1472.38,23.1612,1.2335,7.70,0.9937
3.60,1000,290.81,5208.04,4685.52,1473.99,23.1621,1.2338,8.00,0.9916
3.70,100,292.11,5143.79,4709.64,1487.26,23.3053,1.2056,1.70,1.0303
3.70,150,292.16,5176.24,4724.50,1485.61,23.3256,1.2108,2.20,1.0059
3.70,200,292.20,5197.42,4733.76,1484.80,23.3384,1.2143,2.70,0.9714
3.70,250,292.22,5212.78,4740.25,1484.44,23.3474,1.2168,3.10,0.9827
3.70,300,292.24,5224.66,4745.14,1484.40,23.3542,1.2188,3.50,0.9826
3.70,350,292.26,5234.24,4749.01,1484.57,23.3597,1.2204,3.80,1.0143
3.70,400,292.27,5242.19,4752.16,1484.91,23.3641,1.2218,4.20,1.0006
3.70,450,292.28,5248.93,4754.79,1485.40,23.3678,1.2229,4.60,0.9859
3.70,500,292.29,5254.77,4757.04,1485.99,23.3710,1.2239,4.90,0.9996
3.70,550,292.30,5259.88,4758.99,1486.67,23.3738,1.2247,5.20,1.0093
3.70,600,292.30,5264.41,4760.70,1487.43,23.3762,1.2255,5.60,0.9902
3.70,650,292.31,5268.47,4762.22,1488.25,23.3784,1.2262,5.90,0.9957
3.70,700,292.32,5272.13,4763.58,1489.12,23.3803,1.2268,6.20,0.9993
3.70,750,292.32,5275.46,4764.80,1490.03,23.3821,1.2273,6.50,1.0013
3.70,800,292.33,5278.50,4765.92,1490.98,23.3837,1.2279,6.80,1.0021
3.70,850,292.33,5281.30,4766.93,1491.95,23.3851,1.2283,7.10,1.0019
3.70,900,292.34,5283.88,4767.87,1492.94,23.3865,1.2288,7.40,1.0010
3.70,950,292.34,5286.28,4768.73,1493.95,23.3877,1.2292,7.70,0.9993
3.70,1000,292.35,5288.52,4769.53,1494.97,23.3889,1.2295,8.00,0.9972
3.80,100,293.54,5200.79,4778.25,1523.63,23.5100,1.1992,1.70,1.0364
3.80,150,293.60,5236.77,4795.77,1521.43,23.5337,1.2047,2.20,1.0119
3.80,200,293.64,5260.42,4806.75,1520.15,23.5487,1.2084,2.70,0.9771
3.80,250,293.67,5277.67,4814.49,1519.32,23.5594,1.2112,3.10,0.9885
3.80,300,293.69,5291.06,4820.34,1518.79,23.5675,1.2133,3.50,0.9882
3.80,350,293.71,5301.89,4824.97,1518.45,23.5739,1.2150,3.90,0.9820
3.80,400,293.73,5310.91,4828.76,1518.26,23.5792,1.2165,4.20,1.0063
3.80,450,293.74,5318.58,4831.94,1518.19,23.5837,1.2177,4.60,0.9915
3.80,500,293.75,5325.22,4834.65,1518.21,23.5875,1.2188,4.90,1.0053
3.80,550,293.76,5331.06,4837.00,1518.31,23.5908,1.2198,5.30,0.9878
3.80,600,293.76,5336.24,4839.07,1518.47,23.5937,1.2206,5.60,0.9958
3.80,650,293.77,5340.89,4840.90,1518.70,23.5963,1.2214,5.90,1.0014
3.80,700,293.78,5345.08,4842.55,1518.97,23.5986,1.2220,6.20,1.0050
3.80,750,293.78,5348.91,4844.03,1519.30,23.6007,1.2227,6.50,1.0070
3.80,800,293.79,5352.40,4845.38,1519.66,23.6026,1.2232,6.80,1.0078
3.80,850,293.79,5355.62,4846.62,1520.06,23.6044,1.2238,7.10,1.0076
3.80,900,293.80,5358.60,4847.75,1520.49,23.6060,1.2242,7.40,1.0067
3.80,950,293.80,5361.37,4848.80,1520.94,23.6075,1.2247,7.70,1.0050
3.80,1000,293.81,5363.95,4849.77,1521.43,23.6089,1.2251,8.00,1.0028
3.90,100,294.88,5252.25,4841.83,1559.87,23.7065,1.1928,1.70,1.0428
3.90,150,294.96,5291.74,4862.20,1557.20,23.7338,1.1985,2.20,1.0182
3.90,200,295.01,5317.88,4875.07,1555.56,23.7512,1.2025,2.70,0.9831
3.90,250,295.04,5337.05,4884.19,1554.43,23.7637,1.2054,3.10,0.9944
3.90,300,295.06,5351.99,4891.11,1553.61,23.7732,1.2077,3.50,0.9942
3.90,350,295.08,5364.10,4896.60,1553.00,23.7807,1.2095,3.90,0.9878
3.90,400,295.10,5374.22,4901.10,1552.53,23.7869,1.2111,4.20,1.0122
3.90,450,295.11,5382.86,4904.88,1552.17,23.7922,1.2124,4.60,0.9974
3.90,500,295.12,5390.35,4908.11,1551.90,23.7967,1.2136,4.90,1.0112
3.90,550,295.13,5396.94,4910.92,1551.70,23.8006,1.2147,5.30,0.9936
3.90,600,295.14,5402.81,4913.39,1551.56,23.8041,1.2156,5.60,1.0016
3.90,650,295.15,5408.07,4915.59,1551.46,23.8071,1.2164,5.90,1.0072
3.90,700,295.16,5412.84,4917.56,1551.42,23.8099,1.2172,6.20,1.0108
3.90,750,295.17,5417.19,4919.34,1551.41,23.8124,1.2178,6.60,0.9913
3.90,800,295.17,5421.17,4920.96,1551.43,23.8147,1.2185,6.90,0.9931
3.90,850,295.18,5424.84,4922.44,1551.48,23.8168,1.2191,7.20,0.9938
3.90,900,295.18,5428.23,4923.80,1551.57,23.8187,1.2196,7.50,0.9936
3.90,950,295.19,5431.39,4925.06,1551.67,23.8205,1.2201,7.80,0.9927
3.90,1000,295.19,5434.34,4926.23,1551.80,23.8222,1.2206,8.00,1.0086
4.00,100,296.15,5298.42,4900.34,1596.01,23.8946,1.1865,1.80,0.9527
4.00,150,296.23,5341.35,4923.76,1592.86,23.9258,1.1924,2.20,1.0248
4.00,200,296.29,5369.95,4938.67,1590.88,23.9459,1.1965,2.70,0.9894
4.00,250,296.33,5391.04,4949.29,1589.50,23.9602,1.1995,3.10,1.0007
4.00,300,296.35,5407.54,4957.37,1588.46,23.9712,1.2019,3.50,1.0003
4.00,350,296.38,5420.97,4963.81,1587.65,23.9800,1.2039,3.90,0.9939
4.00,400,296.40,5432.21,4969.10,1587.01,23.9873,1.2056,4.30,0.9841
4.00,450,296.41,5441.84,4973.55,1586.47,23.9934,1.2070,4.60,1.0034
4.00,500,296.43,5450.20,4977.36,1586.03,23.9986,1.2083,5.00,0.9882
4.00,550,296.44,5457.58,4980.69,1585.67,24.0032,1.2094,5.30,0.9995
4.00,600,296.45,5464.16,4983.61,1585.36,24.0073,1.2104,5.60,1.0076
4.00,650,296.46,5470.07,4986.22,1585.09,24.0109,1.2113,6.00,0.9893
4.00,700,296.47,5475.43,4988.55,1584.87,24.0142,1.2121,6.30,0.9941
4.00,750,296.47,5480.32,4990.67,1584.69,24.0171,1.2129,6.60,0.9971
4.00,800,296.48,5484.81,4992.59,1584.54,24.0198,1.2136,6.90,0.9989
4.00,850,296.49,5488.95,4994.36,1584.41,24.0223,1.2142,7.20,0.9996
4.00,900,296.49,5492.79,4995.98,1584.31,24.0245,1.2148,7.50,0.9994
4.00,950,296.50,5496.36,4997.48,1584.23,24.0266,1.2153,7.80,0.9985
4.00,1000,296.50,5499.70,4998.87,1584.17,24.0286,1.2158,8.10,0.9971
4.10,100,297.34,5339.57,4953.80,1632.11,24.0746,1.1804,1.80,0.9593
4.10,150,297.43,5385.81,4980.40,1628.44,24.1098,1.1864,2.20,1.0318
4.10,200,297.50,5416.83,4997.48,1626.12,24.1325,1.1905,2.70,0.9961
4.10,250,297.54,5439.81,5009.71,1624.48,24.1489,1.1937,3.10,1.0073
4.10,300,297.57,5457.86,5019.06,1623.24,24.1616,1.1962,3.50,1.0068
4.10,350,297.60,5472.60,5026.53,1622.26,24.1717,1.1982,3.90,1.0002
4.10,400,297.62,5484.99,5032.68,1621.46,24.1801,1.2000,4.30,0.9903
4.10,450,297.64,5495.61,5037.87,1620.79,24.1871,1.2015,4.60,1.0096
4.10,500,297.66,5504.86,5042.33,1620.22,24.1932,1.2029,5.00,0.9943
4.10,550,297.67,5513.04,5046.22,1619.74,24.1986,1.2041,5.30,1.0056
4.10,600,297.68,5520.34,5049.65,1619.31,24.2033,1.2051,5.70,0.9886
4.10,650,297.69,5526.92,5052.71,1618.94,24.2075,1.2061,6.00,0.9954
4.10,700,297.70,5532.89,5055.46,1618.61,24.2113,1.2070,6.30,1.0001
4.10,750,297.71,5538.35,5057.95,1618.32,24.2147,1.2078,6.60,1.0032
4.10,800,297.72,5543.36,5060.21,1618.07,24.2179,1.2085,6.90,1.0049
4.10,850,297.73,5547.99,5062.29,1617.84,24.2208,1.2092,7.20,1.0056
4.10,900,297.73,5552.29,5064.21,1617.63,24.2234,1.2098,7.50,1.0054
4.10,950,297.74,5556.30,5065.98,1617.45,24.2259,1.2104,7.80,1.0045
4.10,1000,297.75,5560.04,5067.62,1617.28,24.2282,1.2110,8.10,1.0030
4.20,100,298.45,5376.01,5002.25,1668.24,24.2464,1.1746,1.80,0.9662
4.20,150,298.56,5425.40,5032.13,1664.01,24.2857,1.1805,2.30,0.9688
4.20,200,298.63,5458.74,5051.46,1661.33,24.3113,1.1847,2.70,1.0031
4.20,250,298.69,5483.56,5065.39,1659.41,24.3298,1.1879,3.10,1.0142
4.20,300,298.72,5503.14,5076.09,1657.95,24.3442,1.1904,3.50,1.0136
4.20,350,298.75,5519.17,5084.67,1656.79,24.3557,1.1926,3.90,1.0068
4.20,400,298.78,5532.68,5091.77,1655.84,24.3653,1.1944,4.30,0.9968
4.20,450,298.80,5544.30,5097.76,1655.04,24.3734,1.1960,4.70,0.9852
4.20,500,298.82,5554.44,5102.92,1654.36,24.3804,1.1974,5.00,1.0007
4.20,550,298.83,5563.43,5107.43,1653.76,24.3865,1.1986,5.30,1.0120
4.20,600,298.85,5571.46,5111.42,1653.24,24.3920,1.1997,5.70,0.9948
4.20,650,298.86,5578.71,5114.97,1652.78,24.3968,1.2008,6.00,1.0016
4.20,700,298.87,5585.30,5118.18,1652.37,24.4012,1.2017,6.30,1.0063
4.20,750,298.88,5591.33,5121.08,1652.00,24.4052,1.2025,6.60,1.0094
4.20,800,298.89,5596.88,5123.73,1651.66,24.4088,1.2033,7.00,0.9909
4.20,850,298.90,5602.02,5126.16,1651.36,24.4122,1.2041,7.30,0.9924
4.20,900,298.91,5606.79,5128.40,1651.08,24.4153,1.2047,7.60,0.9930
4.20,950,298.92,5611.24,5130.47,1650.83,24.4181,1.2054,7.90,0.9928
4.20,1000,298.92,5615.40,5132.40,1650.59,24.4208,1.2060,8.20,0.9920
4.30,100,299.50,5408.08,5045.78,1704.44,24.4102,1.1691,1.80,0.9734
4.30,150,299.63,5460.42,5078.96,1699.61,24.4536,1.1749,2.30,0.9761
4.30,200,299.71,5495.96,5100.61,1696.52,24.4821,1.1790,2.70,1.0106
4.30,250,299.76,5522.54,5116.31,1694.31,24.5029,1.1822,3.10,1.0216
4.30,300,299.81,5543.58,5128.43,1692.63,24.5190,1.1848,3.60,0.9792
4.30,350,299.84,5560.87,5138.18,1691.28,24.5320,1.1869,3.90,1.0139
4.30,400,299.87,5575.48,5146.27,1690.17,24.5429,1.1888,4.30,1.0037
4.30,450,299.90,5588.07,5153.12,1689.23,24.5521,1.1904,4.70,0.9919
4.30,500,299.92,5599.10,5159.04,1688.43,24.5600,1.1919,5.00,1.0074
4.30,550,299.93,5608.87,5164.22,1687.73,24.5670,1.1932,5.40,0.9920
4.30,600,299.95,5617.63,5168.81,1687.11,24.5732,1.1943,5.70,1.0013
4.30,650,299.97,5625.55,5172.91,1686.56,24.5788,1.1954,6.00,1.0081
4.30,700,299.98,5632.76,5176.60,1686.07,24.5838,1.1963,6.40,0.9906
4.30,750,299.99,5639.37,5179.96,1685.62,24.5884,1.1972,6.70,0.9946
4.30,800,300.00,5645.46,5183.02,1685.22,24.5926,1.1981,7.00,0.9972
4.30,850,300.01,5651.10,5185.84,1684.85,24.5964,1.1988,7.30,0.9987
4.30,900,300.02,5656.35,5188.44,1684.51,24.6000,1.1995,7.60,0.9993
4.30,950,300.03,5661.25,5190.85,1684.19,24.6033,1.2002,7.90,0.9990
4.30,1000,300.04,5665.84,5193.09,1683.90,24.6063,1.2009,8.20,0.9982
4.40,100,300.49,5436.12,5084.55,1740.76,24.5662,1.1640,1.80,0.9809
4.40,150,300.63,5491.19,5120.98,1735.29,24.6136,1.1695,2.30,0.9839
4.40,200,300.72,5528.78,5144.96,1731.78,24.6451,1.1736,2.70,1.0185
4.40,250,300.78,5557.02,5162.46,1729.26,24.6681,1.1767,3.20,0.9817
4.40,300,300.83,5579.45,5176.04,1727.32,24.6861,1.1793,3.60,0.9866
4.40,350,300.87,5597.94,5187.01,1725.77,24.7006,1.1815,4.00,0.9842
4.40,400,300.90,5613.60,5196.14,1724.49,24.7128,1.1833,4.30,1.0109
4.40,450,300.93,5627.14,5203.90,1723.40,24.7231,1.1850,4.70,0.9989
4.40,500,300.95,5639.01,5210.61,1722.47,24.7321,1.1864,5.10,0.9861
4.40,550,300.97,5649.56,5216.50,1721.66,24.7400,1.1877,5.40,0.9988
4.40,600,300.99,5659.03,5221.73,1720.94,24.7470,1.1889,5.70,1.0082
4.40,650,301.01,5667.61,5226.41,1720.30,24.7533,1.1900,6.10,0.9915
4.40,700,301.02,5675.43,5230.64,1719.72,24.7590,1.1910,6.40,0.9973
4.40,750,301.04,5682.61,5234.48,1719.20,24.7642,1.1919,6.70,1.0013
4.40,800,301.05,5689.23,5238.00,1718.72,24.7690,1.1928,7.00,1.0038
4.40,850,301.06,5695.37,5241.23,1718.28,24.7734,1.1936,7.30,1.0053
4.40,900,301.07,5701.09,5244.22,1717.88,24.7774,1.1943,7.60,1.0058
4.40,950,301.08,5706.44,5247.00,1717.50,24.7812,1.1950,7.90,1.0055
4.40,1000,301.09,5711.45,5249.58,1717.16,24.7847,1.1957,8.20,1.0046
4.50,100,301.41,5460.49,5118.78,1777.26,24.7146,1.1593,1.80,0.9884
4.50,150,301.57,5518.04,5158.36,1771.11,24.7660,1.1646,2.30,0.9921
4.50,200,301.67,5557.53,5184.63,1767.14,24.8003,1.1685,2.70,1.0269
4.50,250,301.74,5587.30,5203.92,1764.28,24.8256,1.1715,3.20,0.9896
4.50,300,301.79,5611.02,5218.96,1762.08,24.8454,1.1741,3.60,0.9944
4.50,350,301.84,5630.65,5231.17,1760.31,24.8615,1.1762,4.00,0.9919
4.50,400,301.87,5647.31,5241.36,1758.84,24.8750,1.1780,4.40,0.9853
4.50,450,301.91,5661.73,5250.05,1757.60,24.8865,1.1797,4.70,1.0064
4.50,500,301.93,5674.42,5257.60,1756.53,24.8966,1.1811,5.10,0.9934
4.50,550,301.96,5685.71,5264.23,1755.59,24.9054,1.1824,5.40,1.0061
4.50,600,301.98,5695.86,5270.13,1754.76,24.9133,1.1836,5.80,0.9907
4.50,650,301.99,5705.07,5275.42,1754.02,24.9204,1.1847,6.10,0.9986
4.50,700,302.01,5713.48,5280.21,1753.35,24.9268,1.1857,6.40,1.0043
4.50,750,302.03,5721.21,5284.57,1752.75,24.9326,1.1867,6.70,1.0082
4.50,800,302.04,5728.36,5288.56,1752.19,24.9380,1.1875,7.10,0.9909
4.50,850,302.05,5734.99,5292.24,1751.68,24.9430,1.1883,7.40,0.9931
4.50,900,302.07,5741.17,5295.65,1751.21,24.9475,1.1891,7.70,0.9944
4.50,950,302.08,5746.96,5298.81,1750.78,24.9518,1.1898,8.00,0.9948
4.50,1000,302.09,5752.39,5301.76,1750.37,24.9558,1.1905,8.30,0.9945
4.60,100,302.28,5481.53,5148.76,1813.96,24.8558,1.1551,1.80,0.9960
4.60,150,302.45,5541.32,5191.30,1807.10,24.9109,1.1601,2.30,1.0006
4.60,200,302.56,5582.52,5219.76,1802.65,24.9480,1.1638,2.80,0.9800
4.60,250,302.64,5613.69,5240.80,1799.43,24.9755,1.1667,3.20,0.9980
4.60,300,302.70,5638.62,5257.29,1796.94,24.9971,1.1692,3.60,1.0026
4.60,350,302.75,5659.29,5270.72,1794.94,25.0148,1.1712,4.00,0.9999
4.60,400,302.79,5676.87,5281.98,1793.28,25.0296,1.1730,4.40,0.9932
4.60,450,302.82,5692.13,5291.61,1791.87,25.0424,1.1746,4.70,1.0142
4.60,500,302.86,5705.58,5299.99,1790.65,25.0534,1.1760,5.10,1.0011
4.60,550,302.88,5717.57,5307.38,1789.58,25.0632,1.1773,5.50,0.9877
4.60,600,302.90,5728.37,5313.97,1788.63,25.0720,1.1785,5.80,0.9982
4.60,650,302.93,5738.18,5319.89,1787.78,25.0799,1.1796,6.10,1.0060
4.60,700,302.94,5747.15,5325.26,1787.01,25.0870,1.1806,6.50,0.9899
4.60,750,302.96,5755.41,5330.16,1786.32,25.0936,1.1815,6.80,0.9947
4.60,800,302.98,5763.05,5334.65,1785.68,25.0996,1.1824,7.10,0.9981
4.60,850,302.99,5770.15,5338.80,1785.09,25.1051,1.1832,7.40,1.0003
4.60,900,303.01,5776.78,5342.64,1784.55,25.1103,1.1840,7.70,1.0015
4.60,950,303.02,5782.99,5346.21,1784.05,25.1150,1.1847,8.00,1.0018
4.60,1000,303.03,5788.82,5349.55,1783.58,25.1195,1.1854,8.30,1.0015
4.70,100,303.09,5499.58,5174.76,1850.90,24.9900,1.1514,1.80,1.0036
4.70,150,303.28,5561.35,5220.07,1843.31,25.0487,1.1561,2.30,1.0094
4.70,200,303.40,5604.09,5250.61,1838.35,25.0884,1.1596,2.80,0.9888
4.70,250,303.48,5636.54,5273.29,1834.75,25.1180,1.1623,3.20,1.0068
4.70,300,303.55,5662.55,5291.17,1831.96,25.1414,1.1646,3.60,1.0113
4.70,350,303.61,5684.17,5305.80,1829.71,25.1606,1.1666,4.00,1.0085
4.70,400,303.65,5702.61,5318.10,1827.84,25.1768,1.1683,4.40,1.0015
4.70,450,303.69,5718.64,5328.66,1826.25,25.1907,1.1699,4.80,0.9922
4.70,500,303.72,5732.79,5337.88,1824.87,25.2028,1.1713,5.10,1.0092
4.70,550,303.75,5745.42,5346.02,1823.66,25.2136,1.1725,5.50,0.9956
4.70,600,303.78,5756.83,5353.30,1822.58,25.2232,1.1737,5.80,1.0061
4.70,650,303.80,5767.20,5359.85,1821.62,25.2319,1.1747,6.20,0.9909
4.70,700,303.83,5776.70,5365.81,1820.75,25.2398,1.1757,6.50,0.9975
4.70,750,303.84,5785.45,5371.25,1819.95,25.2470,1.1766,6.80,1.0023
4.70,800,303.86,5793.56,5376.26,1819.23,25.2537,1.1775,7.10,1.0057
4.70,850,303.88,5801.10,5380.88,1818.56,25.2598,1.1783,7.40,1.0078
4.70,900,303.89,5808.15,5385.17,1817.94,25.2655,1.1790,7.70,1.0089
4.70,950,303.91,5814.76,5389.16,1817.37,25.2709,1.1797,8.10,0.9920
4.70,1000,303.92,5820.98,5392.90,1816.83,25.2759,1.1804,8.40,0.9923
4.80,100,303.85,5514.94,5197.13,1888.13,25.1178,1.1482,1.80,1.0109
4.80,150,304.05,5578.46,5244.95,1879.76,25.1797,1.1525,2.30,1.0183
4.80,200,304.18,5622.56,5277.40,1874.28,25.2219,1.1558,2.80,0.9980
4.80,250,304.28,5656.14,5301.66,1870.28,25.2535,1.1584,3.20,1.0161
4.80,300,304.35,5683.13,5320.85,1867.18,25.2786,1.1606,3.70,0.9803
4.80,350,304.41,5705.61,5336.61,1864.67,25.2992,1.1624,4.00,1.0175
4.80,400,304.46,5724.82,5349.91,1862.57,25.3166,1.1641,4.40,1.0103
4.80,450,304.51,5741.55,5361.35,1860.79,25.3317,1.1655,4.80,1.0008
4.80,500,304.54,5756.34,5371.37,1859.24,25.3449,1.1668,5.20,0.9900
4.80,550,304.58,5769.57,5380.25,1857.88,25.3566,1.1680,5.50,1.0040
4.80,600,304.61,5781.52,5388.21,1856.67,25.3671,1.1691,5.90,0.9902
4.80,650,304.63,5792.41,5395.39,1855.59,25.3765,1.1702,6.20,0.9991
4.80,700,304.66,5802.39,5401.92,1854.60,25.3852,1.1711,6.50,1.0056
4.80,750,304.68,5811.60,5407.91,1853.71,25.3931,1.1720,6.90,0.9900
4.80,800,304.70,5820.14,5413.42,1852.89,25.4004,1.1728,7.20,0.9941
4.80,850,304.71,5828.10,5418.52,1852.13,25.4072,1.1736,7.50,0.9969
4.80,900,304.73,5835.54,5423.25,1851.43,25.4134,1.1743,7.80,0.9988
4.80,950,304.75,5842.52,5427.67,1850.78,25.4193,1.1750,8.10,0.9997
4.80,1000,304.76,5849.10,5431.81,1850.17,25.4248,1.1757,8.40,0.9999
4.90,100,304.55,5527.90,5216.22,1925.65,25.2393,1.1454,1.80,1.0178
4.90,150,304.77,5592.95,5266.29,1916.49,25.3043,1.1494,2.30,1.0273
4.90,200,304.92,5638.25,5300.47,1910.46,25.3487,1.1525,2.80,1.0075
4.90,250,305.02,5672.83,5326.15,1906.06,25.3822,1.1549,3.30,0.9800
4.90,300,305.10,5700.68,5346.54,1902.63,25.4088,1.1569,3.70,0.9896
4.90,350,305.17,5723.92,5363.36,1899.84,25.4308,1.1587,4.10,0.9908
4.90,400,305.22,5743.82,5377.60,1897.52,25.4495,1.1602,4.50,0.9871
4.90,450,305.27,5761.18,5389.90,1895.54,25.4656,1.1616,4.80,1.0099
4.90,500,305.31,5776.54,5400.69,1893.81,25.4798,1.1628,5.20,0.9989
4.90,550,305.35,5790.31,5410.27,1892.29,25.4924,1.1639,5.60,0.9873
4.90,600,305.38,5802.76,5418.87,1890.94,25.5037,1.1650,5.90,0.9989
4.90,650,305.41,5814.11,5426.65,1889.72,25.5140,1.1660,6.20,1.0077
4.90,700,305.44,5824.54,5433.75,1888.62,25.5233,1.1669,6.60,0.9927
4.90,750,305.46,5834.16,5440.24,1887.62,25.5319,1.1677,6.90,0.9983
4.90,800,305.48,5843.10,5446.25,1886.70,25.5398,1.1685,7.20,1.0024
4.90,850,305.50,5851.43,5451.81,1885.84,25.5472,1.1693,7.50,1.0052
4.90,900,305.52,5859.23,5456.99,1885.06,25.5541,1.1700,7.80,1.0070
4.90,950,305.54,5866.56,5461.83,1884.32,25.5605,1.1706,8.10,1.0078
4.90,1000,305.55,5873.47,5466.36,1883.64,25.5665,1.1713,8.40,1.0080
5.00,100,305.21,5538.73,5232.35,1963.51,25.3552,1.1429,1.80,1.0242
5.00,150,305.45,5605.09,5284.40,1953.53,25.4228,1.1467,2.40,0.9705
5.00,200,305.60,5651.43,5320.13,1946.94,25.4693,1.1495,2.80,1.0171
5.00,250,305.72,5686.88,5347.09,1942.11,25.5045,1.1518,3.30,0.9897
5.00,300,305.81,5715.49,5368.58,1938.34,25.5326,1.1537,3.70,0.9993
5.00,350,305.88,5739.41,5386.36,1935.28,25.5559,1.1553,4.10,1.0004
5.00,400,305.94,5759.91,5401.46,1932.72,25.5756,1.1568,4.50,0.9965
5.00,450,305.99,5777.82,5414.53,1930.52,25.5928,1.1581,4.90,0.9898
5.00,500,306.03,5793.70,5426.03,1928.61,25.6079,1.1592,5.20,1.0082
5.00,550,306.07,5807.94,5436.27,1926.93,25.6213,1.1603,5.60,0.9964
5.00,600,306.11,5820.84,5445.47,1925.43,25.6334,1.1613,5.90,1.0080
5.00,650,306.14,5832.61,5453.82,1924.08,25.6444,1.1622,6.30,0.9941
5.00,700,306.17,5843.43,5461.44,1922.85,25.6545,1.1630,6.60,1.0016
5.00,750,306.20,5853.43,5468.45,1921.73,25.6637,1.1638,6.90,1.0071
5.00,800,306.22,5862.72,5474.92,1920.70,25.6722,1.1646,7.30,0.9919
5.00,850,306.24,5871.39,5480.93,1919.75,25.6802,1.1653,7.60,0.9954
5.00,900,306.26,5879.52,5486.53,1918.87,25.6876,1.1660,7.90,0.9978
5.00,950,306.28,5887.15,5491.77,1918.05,25.6945,1.1666,8.20,0.9993
5.00,1000,306.30,5894.36,5496.69,1917.28,25.7010,1.1672,8.50,1.0000
5.10,100,305.82,5547.66,5245.85,2001.73,25.4657,1.1409,1.80,1.0300
5.10,150,306.08,5615.14,5299.62,1990.91,25.5357,1.1444,2.40,0.9789
5.10,200,306.24,5662.38,5336.71,1983.75,25.5841,1.1470,2.90,0.9743
5.10,250,306.37,5698.58,5364.80,1978.48,25.6208,1.1491,3.30,0.9997
5.10,300,306.46,5727.85,5387.27,1974.37,25.6502,1.1509,3.70,1.0095
5.10,350,306.54,5752.35,5405.91,1971.01,25.6746,1.1524,4.10,1.0105
5.10,400,306.61,5773.38,5421.78,1968.20,25.6954,1.1538,4.50,1.0065
5.10,450,306.66,5791.77,5435.56,1965.79,25.7135,1.1550,4.90,0.9995
5.10,500,306.71,5808.10,5447.70,1963.69,25.7295,1.1560,5.30,0.9908
5.10,550,306.75,5822.76,5458.53,1961.83,25.7437,1.1570,5.60,1.0059
5.10,600,306.79,5836.04,5468.29,1960.18,25.7565,1.1580,6.00,0.9937
5.10,650,306.83,5848.18,5477.16,1958.68,25.7682,1.1588,6.30,1.0034
5.10,700,306.86,5859.35,5485.27,1957.33,25.7789,1.1596,6.70,0.9898
5.10,750,306.89,5869.69,5492.74,1956.09,25.7887,1.1604,7.00,0.9962
5.10,800,306.91,5879.29,5499.65,1954.95,25.7978,1.1611,7.30,1.0009
5.10,850,306.94,5888.27,5506.07,1953.90,25.8063,1.1617,7.60,1.0044
5.10,900,306.96,5896.68,5512.07,1952.92,25.8142,1.1624,7.90,1.0068
5.10,950,306.98,5904.60,5517.68,1952.01,25.8216,1.1630,8.20,1.0082
5.10,1000,307.00,5912.07,5522.96,1951.15,25.8286,1.1635,8.60,0.9927
5.20,100,306.39,5554.90,5256.99,2040.35,25.5711,1.1391,1.80,1.0351
5.20,150,306.66,5623.33,5312.25,2028.67,25.6433,1.1424,2.40,0.9868
5.20,200,306.84,5671.33,5350.51,2020.92,25.6933,1.1449,2.90,0.9837
5.20,250,306.97,5708.17,5379.59,2015.20,25.7314,1.1469,3.30,1.0098
5.20,300,307.07,5738.00,5402.91,2010.73,25.7620,1.1485,3.80,0.9810
5.20,350,307.16,5763.00,5422.31,2007.07,25.7875,1.1499,4.20,0.9860
5.20,400,307.23,5784.49,5438.87,2004.00,25.8092,1.1512,4.60,0.9853
5.20,450,307.29,5803.30,5453.27,2001.37,25.8281,1.1523,4.90,1.0097
5.20,500,307.34,5820.02,5465.99,1999.07,25.8449,1.1533,5.30,1.0008
5.20,550,307.39,5835.04,5477.36,1997.04,25.8598,1.1542,5.70,0.9909
5.20,600,307.43,5848.67,5487.62,1995.22,25.8733,1.1551,6.00,1.0035
5.20,650,307.47,5861.13,5496.95,1993.58,25.8856,1.1559,6.40,0.9911
5.20,700,307.50,5872.60,5505.51,1992.09,25.8969,1.1566,6.70,0.9994
5.20,750,307.53,5883.22,5513.39,1990.73,25.9073,1.1573,7.00,1.0058
5.20,800,307.56,5893.11,5520.70,1989.48,25.9169,1.1580,7.40,0.9915
5.20,850,307.59,5902.34,5527.50,1988.32,25.9259,1.1586,7.70,0.9957
5.20,900,307.62,5911.01,5533.86,1987.24,25.9343,1.1592,8.00,0.9987
5.20,950,307.64,5919.17,5539.82,1986.23,25.9422,1.1597,8.30,1.0007
5.20,1000,307.66,5926.88,5545.43,1985.29,25.9496,1.1603,8.60,1.0019
5.30,100,306.91,5560.65,5266.06,2079.40,25.6719,1.1377,1.80,1.0396
5.30,150,307.20,5629.87,5322.58,2066.84,25.7459,1.1408,2.40,0.9942
5.30,200,307.39,5678.50,5361.84,2058.48,25.7974,1.1431,2.90,0.9929
5.30,250,307.53,5715.89,5391.76,2052.31,25.8367,1.1449,3.30,1.0200
5.30,300,307.64,5746.19,5415.82,2047.46,25.8684,1.1464,3.80,0.9914
5.30,350,307.73,5771.62,5435.88,2043.50,25.8948,1.1478,4.20,0.9965
5.30,400,307.81,5793.49,5453.04,2040.17,25.9173,1.1489,4.60,0.9957
5.30,450,307.87,5812.66,5467.99,2037.30,25.9370,1.1500,5.00,0.9914
5.30,500,307.93,5829.71,5481.21,2034.80,25.9544,1.1509,5.30,1.0113
5.30,550,307.98,5845.04,5493.05,2032.59,25.9701,1.1518,5.70,1.0012
5.30,600,308.03,5858.96,5503.75,2030.61,25.9842,1.1526,6.10,0.9905
5.30,650,308.07,5871.70,5513.50,2028.82,25.9970,1.1533,6.40,1.0012
5.30,700,308.11,5883.43,5522.44,2027.19,26.0088,1.1540,6.70,1.0095
5.30,750,308.14,5894.30,5530.70,2025.70,26.0198,1.1547,7.10,0.9959
5.30,800,308.17,5904.43,5538.36,2024.33,26.0299,1.1553,7.40,1.0014
5.30,850,308.20,5913.89,5545.50,2023.06,26.0393,1.1558,7.70,1.0055
5.30,900,308.23,5922.78,5552.18,2021.87,26.0481,1.1564,8.00,1.0084
5.30,950,308.25,5931.15,5558.45,2020.77,26.0564,1.1569,8.40,0.9938
5.30,1000,308.28,5939.06,5564.36,2019.74,26.0643,1.1574,8.70,0.9956
5.40,100,307.39,5565.07,5273.28,2118.91,25.7683,1.1364,1.90,0.9586
5.40,150,307.69,5634.94,5330.85,2105.46,25.8440,1.1394,2.40,1.0010
5.40,200,307.90,5684.09,5370.96,2096.48,25.8968,1.1415,2.90,1.0017
5.40,250,308.05,5721.93,5401.59,2089.84,25.9371,1.1433,3.40,0.9862
5.40,300,308.17,5752.62,5426.29,2084.61,25.9697,1.1447,3.80,1.0018
5.40,350,308.26,5778.41,5446.91,2080.34,25.9969,1.1459,4.20,1.0073
5.40,400,308.35,5800.61,5464.58,2076.74,26.0202,1.1470,4.60,1.0066
5.40,450,308.42,5820.08,5480.00,2073.64,26.0406,1.1480,5.00,1.0021
5.40,500,308.48,5837.40,5493.66,2070.93,26.0586,1.1489,5.40,0.9954
5.40,550,308.53,5853.00,5505.90,2068.53,26.0748,1.1497,5.70,1.0119
5.40,600,308.58,5867.16,5516.98,2066.38,26.0894,1.1504,6.10,1.0011
5.40,650,308.63,5880.14,5527.09,2064.44,26.1028,1.1511,6.50,0.9900
5.40,700,308.67,5892.09,5536.38,2062.67,26.1151,1.1518,6.80,0.9992
5.40,750,308.70,5903.18,5544.96,2061.04,26.1265,1.1524,7.10,1.0063
5.40,800,308.74,5913.50,5552.93,2059.55,26.1370,1.1529,7.50,0.9930
5.40,850,308.77,5923.17,5560.37,2058.16,26.1469,1.1535,7.80,0.9978
5.40,900,308.80,5932.24,5567.33,2056.87,26.1561,1.1540,8.10,1.0013
5.40,950,308.82,5940.80,5573.88,2055.67,26.1648,1.1545,8.40,1.0039
5.40,1000,308.85,5948.88,5580.05,2054.54,26.1729,1.1549,8.70,1.0056
5.50,100,307.82,5568.30,5278.87,2158.96,25.8607,1.1354,1.90,0.9618
5.50,150,308.15,5638.69,5337.31,2144.59,25.9377,1.1382,2.40,1.0069
5.50,200,308.36,5688.27,5378.12,2134.96,25.9916,1.1403,2.90,1.0099
5.50,250,308.53,5726.48,5409.36,2127.84,26.0329,1.1419,3.40,0.9958
5.50,300,308.65,5757.50,5434.58,2122.23,26.0662,1.1433,3.80,1.0123
5.50,350,308.76,5783.57,5455.67,2117.63,26.0942,1.1444,4.30,0.9844
5.50,400,308.84,5806.04,5473.77,2113.75,26.1181,1.1454,4.70,0.9869
5.50,450,308.92,5825.76,5489.57,2110.42,26.1391,1.1464,5.00,1.0133
5.50,500,308.98,5843.32,5503.61,2107.49,26.1577,1.1472,5.40,1.0065
5.50,550,309.04,5859.13,5516.20,2104.90,26.1743,1.1479,5.80,0.9983
5.50,600,309.09,5873.50,5527.61,2102.58,26.1895,1.1486,6.20,0.9892
5.50,650,309.14,5886.67,5538.03,2100.48,26.2033,1.1493,6.50,1.0008
5.50,700,309.18,5898.81,5547.61,2098.56,26.2160,1.1499,6.80,1.0100
5.50,750,309.22,5910.08,5556.47,2096.80,26.2278,1.1505,7.20,0.9975
5.50,800,309.26,5920.57,5564.71,2095.18,26.2387,1.1510,7.50,1.0036
5.50,850,309.29,5930.40,5572.40,2093.68,26.2489,1.1515,7.80,1.0084
5.50,900,309.33,5939.63,5579.61,2092.28,26.2585,1.1520,8.20,0.9949
5.50,950,309.35,5948.34,5586.39,2090.97,26.2675,1.1524,8.50,0.9980
5.50,1000,309.38,5956.57,5592.78,2089.75,26.2760,1.1528,8.80,1.0002
5.60,100,308.22,5570.49,5283.02,2199.54,25.9492,1.1345,1.90,0.9645
5.60,150,308.56,5641.29,5342.16,2184.25,26.0275,1.1372,2.40,1.0119
5.60,200,308.79,5691.20,5383.55,2174.00,26.0823,1.1392,2.90,1.0173
5.60,250,308.96,5729.70,5415.27,2166.36,26.1244,1.1408,3.40,1.0050
5.60,300,309.09,5760.98,5440.93,2160.36,26.1584,1.1420,3.90,0.9852
5.60,350,309.21,5787.29,5462.41,2155.43,26.1869,1.1432,4.30,0.9951
5.60,400,309.30,5809.98,5480.86,2151.27,26.2115,1.1441,4.70,0.9979
5.60,450,309.38,5829.90,5497.01,2147.69,26.2329,1.1450,5.10,0.9963
5.60,500,309.45,5847.64,5511.35,2144.55,26.2520,1.1458,5.50,0.9918
5.60,550,309.51,5863.63,5524.23,2141.76,26.2691,1.1465,5.80,1.0096
5.60,600,309.57,5878.17,5535.90,2139.26,26.2846,1.1471,6.20,1.0004
5.60,650,309.62,5891.50,5546.58,2137.00,26.2988,1.1477,6.60,0.9907
5.60,700,309.66,5903.80,5556.41,2134.93,26.3119,1.1483,6.90,1.0007
5.60,750,309.71,5915.21,5565.50,2133.04,26.3240,1.1488,7.20,1.0086
5.60,800,309.74,5925.84,5573.95,2131.29,26.3353,1.1493,7.60,0.9962
5.60,850,309.78,5935.80,5581.87,2129.67,26.3458,1.1498,7.90,1.0016
5.60,900,309.81,5945.17,5589.28,2128.15,26.3557,1.1503,8.20,1.0057
5.60,950,309.85,5954.00,5596.26,2126.74,26.3650,1.1507,8.60,0.9926
5.60,1000,309.88,5962.35,5602.86,2125.41,26.3738,1.1511,8.90,0.9954
5.70,100,308.57,5571.73,5285.90,2240.75,26.0342,1.1338,1.90,0.9667
5.70,150,308.93,5642.84,5345.59,2224.51,26.1135,1.1364,2.40,1.0162
5.70,200,309.17,5693.02,5387.43,2213.60,26.1691,1.1383,2.90,1.0237
5.70,250,309.35,5731.74,5419.55,2205.49,26.2119,1.1398,3.40,1.0134
5.70,300,309.50,5763.22,5445.55,2199.08,26.2465,1.1411,3.90,0.9949
5.70,350,309.61,5789.72,5467.36,2193.79,26.2755,1.1421,4.30,1.0057
5.70,400,309.71,5812.58,5486.10,2189.35,26.3005,1.1430,4.70,1.0090
5.70,450,309.80,5832.66,5502.51,2185.52,26.3224,1.1439,5.10,1.0076
5.70,500,309.87,5850.55,5517.10,2182.15,26.3419,1.1446,5.50,1.0032
5.70,550,309.94,5866.68,5530.21,2179.17,26.3594,1.1453,5.90,0.9970
5.70,600,310.00,5881.36,5542.12,2176.49,26.3752,1.1459,6.30,0.9895
5.70,650,310.05,5894.81,5553.00,2174.06,26.3898,1.1465,6.60,1.0021
5.70,700,310.10,5907.23,5563.03,2171.84,26.4032,1.1470,7.00,0.9921
5.70,750,310.15,5918.76,5572.32,2169.81,26.4156,1.1475,7.30,1.0007
5.70,800,310.19,5929.51,5580.97,2167.93,26.4271,1.1480,7.60,1.0076
5.70,850,310.23,5939.58,5589.05,2166.18,26.4379,1.1484,8.00,0.9955
5.70,900,310.26,5949.04,5596.64,2164.55,26.4481,1.1488,8.30,1.0002
5.70,950,310.30,5957.98,5603.78,2163.03,26.4576,1.1492,8.60,1.0038
5.70,1000,310.33,5966.43,5610.53,2161.60,26.4666,1.1496,8.90,1.0065
5.80,100,308.88,5572.15,5287.64,2282.64,26.1159,1.1333,1.90,0.9685
5.80,150,309.26,5643.47,5347.76,2265.43,26.1960,1.1358,2.40,1.0196
5.80,200,309.52,5693.84,5389.96,2253.86,26.2523,1.1376,3.00,0.9805
5.80,250,309.71,5732.72,5422.38,2245.24,26.2956,1.1391,3.50,0.9796
5.80,300,309.86,5764.36,5448.66,2238.43,26.3307,1.1402,3.90,1.0040
5.80,350,309.98,5790.99,5470.71,2232.83,26.3602,1.1413,4.30,1.0160
5.80,400,310.09,5813.98,5489.68,2228.09,26.3856,1.1421,4.80,0.9901
5.80,450,310.18,5834.18,5506.31,2224.00,26.4078,1.1429,5.20,0.9915
5.80,500,310.26,5852.19,5521.09,2220.41,26.4276,1.1436,5.60,0.9895
5.80,550,310.33,5868.43,5534.39,2217.19,26.4454,1.1443,5.90,1.0087
5.80,600,310.39,5883.21,5546.47,2214.33,26.4616,1.1449,6.30,1.0012
5.80,650,310.45,5896.76,5557.53,2211.73,26.4764,1.1454,6.70,0.9929
5.80,700,310.50,5909.28,5567.72,2209.36,26.4901,1.1459,7.00,1.0038
5.80,750,310.55,5920.89,5577.17,2207.18,26.5027,1.1464,7.40,0.9935
5.80,800,310.59,5931.73,5585.96,2205.16,26.5145,1.1469,7.70,1.0011
5.80,850,310.63,5941.89,5594.19,2203.29,26.5255,1.1473,8.00,1.0071
5.80,900,310.67,5951.44,5601.91,2201.55,26.5359,1.1477,8.40,0.9952
5.80,950,310.71,5960.45,5609.19,2199.92,26.5457,1.1481,8.70,0.9994
5.80,1000,310.74,5968.98,5616.08,2198.38,26.5549,1.1484,9.00,1.0026
5.90,100,309.15,5571.81,5288.39,2325.30,26.1944,1.1328,1.90,0.9699
5.90,150,309.55,5643.28,5348.82,2307.12,26.2752,1.1353,2.40,1.0223
5.90,200,309.82,5693.77,5391.27,2294.87,26.3321,1.1370,3.00,0.9849
5.90,250,310.02,5732.77,5423.93,2285.74,26.3758,1.1384,3.50,0.9860
5.90,300,310.18,5764.51,5450.41,2278.51,26.4113,1.1396,3.90,1.0121
5.90,350,310.31,5791.24,5472.65,2272.56,26.4412,1.1406,4.40,0.9929
5.90,400,310.42,5814.32,5491.79,2267.52,26.4669,1.1414,4.80,1.0006
5.90,450,310.52,5834.61,5508.58,2263.17,26.4894,1.1422,5.20,1.0026
5.90,500,310.60,5852.70,5523.52,2259.35,26.5095,1.1429,5.60,1.0010
5.90,550,310.67,5869.02,5536.97,2255.95,26.5276,1.1435,6.00,0.9969
5.90,600,310.74,5883.88,5549.19,2252.90,26.5440,1.1441,6.40,0.9911
5.90,650,310.80,5897.50,5560.38,2250.13,26.5590,1.1446,6.70,1.0049
5.90,700,310.86,5910.09,5570.69,2247.59,26.5729,1.1451,7.10,0.9961
5.90,750,310.91,5921.77,5580.26,2245.27,26.5858,1.1455,7.40,1.0056
5.90,800,310.96,5932.68,5589.17,2243.09,26.5978,1.1460,7.80,0.9952
5.90,850,311.00,5942.90,5597.51,2241.09,26.6090,1.1464,8.10,1.0019
5.90,900,311.04,5952.51,5605.34,2239.23,26.6195,1.1467,8.40,1.0072
5.90,950,311.08,5961.58,5612.73,2237.48,26.6295,1.1471,8.80,0.9955
5.90,1000,311.11,5970.17,5619.71,2235.84,26.6389,1.1474,9.10,0.9992
6.00,100,309.37,5570.81,5288.24,2368.85,26.2700,1.1324,1.90,0.9710
6.00,150,309.79,5642.34,5348.88,2349.68,26.3514,1.1349,2.40,1.0244
6.00,200,310.08,5692.90,5391.51,2336.74,26.4087,1.1366,3.00,0.9885
6.00,250,310.29,5731.97,5424.33,2327.08,26.4528,1.1380,3.50,0.9911
6.00,300,310.46,5763.78,5450.96,2319.43,26.4886,1.1391,4.00,0.9836
6.00,350,310.59,5790.57,5473.33,2313.12,26.5188,1.1400,4.40,1.0013
6.00,400,310.71,5813.71,5492.60,2307.78,26.5447,1.1409,4.80,1.0103
6.00,450,310.81,5834.06,5509.51,2303.17,26.5675,1.1416,5.30,0.9868
6.00,500,310.90,5852.21,5524.56,2299.11,26.5878,1.1423,5.60,1.0123
6.00,550,310.98,5868.58,5538.12,2295.50,26.6061,1.1429,6.00,1.0086
6.00,600,311.05,5883.48,5550.44,2292.26,26.6227,1.1434,6.40,1.0031
6.00,650,311.11,5897.16,5561.72,2289.31,26.6379,1.1439,6.80,0.9964
6.00,700,311.17,5909.79,5572.13,2286.62,26.6520,1.1444,7.10,1.0083
6.00,750,311.23,5921.53,5581.79,2284.14,26.6650,1.1448,7.50,0.9992
6.00,800,311.28,5932.48,5590.79,2281.85,26.6772,1.1452,7.80,1.0076
6.00,850,311.32,5942.74,5599.21,2279.72,26.6886,1.1456,8.20,0.9972
6.00,900,311.37,5952.40,5607.13,2277.74,26.6993,1.1460,8.50,1.0031
6.00,950,311.41,5961.51,5614.59,2275.87,26.7093,1.1463,8.90,0.9923
6.00,1000,311.45,5970.14,5621.65,2274.12,26.7189,1.1467,9.20,0.9965
